sim_minute,hour_of_day,solar_output_kw,consumption_kw,battery_level_kwh,net_flow_kw,time_sin,time_cos,is_deficit
0,0.0,0.0,0.0132,2.9868,-0.0132,0.0,1.0,0
1,0.0167,0.0,0.0125,2.9743,-0.0125,0.004363,0.99999,0
2,0.0333,0.0,0.017,2.9573,-0.017,0.008727,0.999962,0
3,0.05,0.0,0.0164,2.9409,-0.0164,0.01309,0.999914,0
4,0.0667,0.0,0.0163,2.9246,-0.0163,0.017452,0.999848,0
5,0.0833,0.0,0.0099,2.9147,-0.0099,0.021815,0.999762,0
6,0.1,0.0,0.0141,2.9006,-0.0141,0.026177,0.999657,0
7,0.1167,0.0,0.0158,2.8848,-0.0158,0.030539,0.999534,0
8,0.1333,0.0,0.0138,2.871,-0.0138,0.034899,0.999391,0
9,0.15,0.0,0.0156,2.8554,-0.0156,0.03926,0.999229,0
10,0.1667,0.0,0.0146,2.8408,-0.0146,0.043619,0.999048,0
11,0.1833,0.0,0.0157,2.8251,-0.0157,0.047978,0.998848,0
12,0.2,0.0,0.0128,2.8123,-0.0128,0.052336,0.99863,0
13,0.2167,0.0,0.0187,2.7936,-0.0187,0.056693,0.998392,0
14,0.2333,0.0,0.0121,2.7815,-0.0121,0.061049,0.998135,0
15,0.25,0.0,0.0169,2.7646,-0.0169,0.065403,0.997859,0
16,0.2667,0.0,0.0168,2.7478,-0.0168,0.069756,0.997564,0
17,0.2833,0.0,0.0139,2.7339,-0.0139,0.074108,0.99725,0
18,0.3,0.0,0.0167,2.7172,-0.0167,0.078459,0.996917,0
19,0.3167,0.0,0.0132,2.704,-0.0132,0.082808,0.996566,0
20,0.3333,0.0,0.0138,2.6902,-0.0138,0.087156,0.996195,0
21,0.35,0.0,0.013,2.6772,-0.013,0.091502,0.995805,0
22,0.3667,0.0,0.0151,2.6621,-0.0151,0.095846,0.995396,0
23,0.3833,0.0,0.0146,2.6475,-0.0146,0.100188,0.994969,0
24,0.4,0.0,0.0165,2.631,-0.0165,0.104528,0.994522,0
25,0.4167,0.0,0.0139,2.6171,-0.0139,0.108867,0.994056,0
26,0.4333,0.0,0.0153,2.6018,-0.0153,0.113203,0.993572,0
27,0.45,0.0,0.0146,2.5872,-0.0146,0.117537,0.993068,0
28,0.4667,0.0,0.0156,2.5716,-0.0156,0.121869,0.992546,0
29,0.4833,0.0,0.0152,2.5564,-0.0152,0.126199,0.992005,0
30,0.5,0.0,0.0156,2.5408,-0.0156,0.130526,0.991445,0
31,0.5167,0.0,0.0153,2.5255,-0.0153,0.134851,0.990866,0
32,0.5333,0.0,0.0181,2.5074,-0.0181,0.139173,0.990268,0
33,0.55,0.0,0.0138,2.4936,-0.0138,0.143493,0.989651,0
34,0.5667,0.0,0.0107,2.4829,-0.0107,0.147809,0.989016,0
35,0.5833,0.0,0.0147,2.4682,-0.0147,0.152123,0.988362,0
36,0.6,0.0,0.0164,2.4518,-0.0164,0.156434,0.987688,0
37,0.6167,0.0,0.0152,2.4366,-0.0152,0.160743,0.986996,0
38,0.6333,0.0,0.0181,2.4185,-0.0181,0.165048,0.986286,0
39,0.65,0.0,0.0159,2.4026,-0.0159,0.16935,0.985556,0
40,0.6667,0.0,0.0132,2.3894,-0.0132,0.173648,0.984808,0
41,0.6833,0.0,0.0126,2.3768,-0.0126,0.177944,0.984041,0
42,0.7,0.0,0.0147,2.3621,-0.0147,0.182236,0.983255,0
43,0.7167,0.0,0.0155,2.3466,-0.0155,0.186524,0.98245,0
44,0.7333,0.0,0.0123,2.3343,-0.0123,0.190809,0.981627,0
45,0.75,0.0,0.0174,2.3169,-0.0174,0.19509,0.980785,0
46,0.7667,0.0,0.014,2.3029,-0.014,0.199368,0.979925,0
47,0.7833,0.0,0.0127,2.2902,-0.0127,0.203642,0.979045,0
48,0.8,0.0,0.0129,2.2773,-0.0129,0.207912,0.978148,0
49,0.8167,0.0,0.0124,2.2649,-0.0124,0.212178,0.977231,0
50,0.8333,0.0,0.0141,2.2508,-0.0141,0.21644,0.976296,0
51,0.85,0.0,0.0154,2.2354,-0.0154,0.220697,0.975342,0
52,0.8667,0.0,0.0149,2.2205,-0.0149,0.224951,0.97437,0
53,0.8833,0.0,0.0142,2.2063,-0.0142,0.2292,0.973379,0
54,0.9,0.0,0.0111,2.1952,-0.0111,0.233445,0.97237,0
55,0.9167,0.0,0.0127,2.1825,-0.0127,0.237686,0.971342,0
56,0.9333,0.0,0.0145,2.168,-0.0145,0.241922,0.970296,0
57,0.95,0.0,0.0166,2.1514,-0.0166,0.246153,0.969231,0
58,0.9667,0.0,0.0125,2.1389,-0.0125,0.25038,0.968148,0
59,0.9833,0.0,0.017,2.1219,-0.017,0.254602,0.967046,0
60,1.0,0.0,0.013,2.1089,-0.013,0.258819,0.965926,0
61,1.0167,0.0,0.0108,2.0981,-0.0108,0.263031,0.964787,0
62,1.0333,0.0,0.0145,2.0836,-0.0145,0.267238,0.96363,0
63,1.05,0.0,0.015,2.0686,-0.015,0.27144,0.962455,0
64,1.0667,0.0,0.0138,2.0548,-0.0138,0.275637,0.961262,0
65,1.0833,0.0,0.0184,2.0364,-0.0184,0.279829,0.96005,0
66,1.1,0.0,0.0144,2.022,-0.0144,0.284015,0.95882,0
67,1.1167,0.0,0.0136,2.0084,-0.0136,0.288196,0.957571,0
68,1.1333,0.0,0.0167,1.9917,-0.0167,0.292372,0.956305,0
69,1.15,0.0,0.0122,1.9795,-0.0122,0.296542,0.95502,0
70,1.1667,0.0,0.0103,1.9692,-0.0103,0.300706,0.953717,0
71,1.1833,0.0,0.0148,1.9544,-0.0148,0.304864,0.952396,0
72,1.2,0.0,0.0156,1.9388,-0.0156,0.309017,0.951057,0
73,1.2167,0.0,0.0168,1.922,-0.0168,0.313164,0.949699,0
74,1.2333,0.0,0.0142,1.9078,-0.0142,0.317305,0.948324,0
75,1.25,0.0,0.0164,1.8914,-0.0164,0.321439,0.94693,0
76,1.2667,0.0,0.0142,1.8772,-0.0142,0.325568,0.945519,0
77,1.2833,0.0,0.013,1.8642,-0.013,0.329691,0.944089,0
78,1.3,0.0,0.0168,1.8474,-0.0168,0.333807,0.942641,0
79,1.3167,0.0,0.013,1.8344,-0.013,0.337917,0.941176,0
80,1.3333,0.0,0.0164,1.818,-0.0164,0.34202,0.939693,0
81,1.35,0.0,0.0143,1.8037,-0.0143,0.346117,0.938191,0
82,1.3667,0.0,0.013,1.7907,-0.013,0.350207,0.936672,0
83,1.3833,0.0,0.0094,1.7813,-0.0094,0.354291,0.935135,0
84,1.4,0.0,0.0145,1.7668,-0.0145,0.358368,0.93358,0
85,1.4167,0.0,0.0163,1.7505,-0.0163,0.362438,0.932008,0
86,1.4333,0.0,0.0099,1.7406,-0.0099,0.366501,0.930418,0
87,1.45,0.0,0.0154,1.7252,-0.0154,0.370557,0.92881,0
88,1.4667,0.0,0.0148,1.7104,-0.0148,0.374607,0.927184,0
89,1.4833,0.0,0.0171,1.6933,-0.0171,0.378649,0.925541,0
90,1.5,0.0,0.0153,1.678,-0.0153,0.382683,0.92388,0
91,1.5167,0.0,0.0171,1.6609,-0.0171,0.386711,0.922201,0
92,1.5333,0.0,0.0078,1.6531,-0.0078,0.390731,0.920505,0
93,1.55,0.0,0.0141,1.639,-0.0141,0.394744,0.918791,0
94,1.5667,0.0,0.0134,1.6256,-0.0134,0.398749,0.91706,0
95,1.5833,0.0,0.0138,1.6118,-0.0138,0.402747,0.915311,0
96,1.6,0.0,0.0138,1.598,-0.0138,0.406737,0.913545,0
97,1.6167,0.0,0.0128,1.5852,-0.0128,0.410719,0.911762,0
98,1.6333,0.0,0.0127,1.5725,-0.0127,0.414693,0.909961,0
99,1.65,0.0,0.0167,1.5558,-0.0167,0.41866,0.908143,0
100,1.6667,0.0,0.0154,1.5404,-0.0154,0.422618,0.906308,0
101,1.6833,0.0,0.0117,1.5287,-0.0117,0.426569,0.904455,0
102,1.7,0.0,0.0153,1.5134,-0.0153,0.430511,0.902585,0
103,1.7167,0.0,0.0147,1.4987,-0.0147,0.434445,0.900698,0
104,1.7333,0.0,0.0128,1.4859,-0.0128,0.438371,0.898794,0
105,1.75,0.0,0.0169,1.469,-0.0169,0.442289,0.896873,0
106,1.7667,0.0,0.0184,1.4506,-0.0184,0.446198,0.894934,0
107,1.7833,0.0,0.0165,1.4341,-0.0165,0.450098,0.892979,0
108,1.8,0.0,0.0163,1.4178,-0.0163,0.45399,0.891007,0
109,1.8167,0.0,0.0134,1.4044,-0.0134,0.457874,0.889017,0
110,1.8333,0.0,0.0171,1.3873,-0.0171,0.461749,0.887011,0
111,1.85,0.0,0.0199,1.3674,-0.0199,0.465615,0.884988,0
112,1.8667,0.0,0.0136,1.3538,-0.0136,0.469472,0.882948,0
113,1.8833,0.0,0.013,1.3408,-0.013,0.47332,0.880891,0
114,1.9,0.0,0.0148,1.326,-0.0148,0.477159,0.878817,0
115,1.9167,0.0,0.0123,1.3137,-0.0123,0.480989,0.876727,0
116,1.9333,0.0,0.012,1.3017,-0.012,0.48481,0.87462,0
117,1.95,0.0,0.0125,1.2892,-0.0125,0.488621,0.872496,0
118,1.9667,0.0,0.0133,1.2759,-0.0133,0.492424,0.870356,0
119,1.9833,0.0,0.0142,1.2617,-0.0142,0.496217,0.868199,0
120,2.0,0.0,0.0152,1.2465,-0.0152,0.5,0.866025,0
121,2.0167,0.0,0.0131,1.2334,-0.0131,0.503774,0.863836,0
122,2.0333,0.0,0.0132,1.2202,-0.0132,0.507538,0.861629,0
123,2.05,0.0,0.0152,1.205,-0.0152,0.511293,0.859406,0
124,2.0667,0.0,0.014,1.191,-0.014,0.515038,0.857167,0
125,2.0833,0.0,0.0143,1.1767,-0.0143,0.518773,0.854912,0
126,2.1,0.0,0.0161,1.1606,-0.0161,0.522499,0.85264,0
127,2.1167,0.0,0.0156,1.145,-0.0156,0.526214,0.850352,0
128,2.1333,0.0,0.0124,1.1326,-0.0124,0.529919,0.848048,0
129,2.15,0.0,0.0137,1.1189,-0.0137,0.533615,0.845728,0
130,2.1667,0.0,0.0133,1.1056,-0.0133,0.5373,0.843391,0
131,2.1833,0.0,0.0141,1.0915,-0.0141,0.540974,0.841039,0
132,2.2,0.0,0.0138,1.0777,-0.0138,0.544639,0.838671,0
133,2.2167,0.0,0.0158,1.0619,-0.0158,0.548293,0.836286,0
134,2.2333,0.0,0.0162,1.0457,-0.0162,0.551937,0.833886,0
135,2.25,0.0,0.0128,1.0329,-0.0128,0.55557,0.83147,0
136,2.2667,0.0,0.0162,1.0167,-0.0162,0.559193,0.829038,0
137,2.2833,0.0,0.0185,0.9982,-0.0185,0.562805,0.82659,0
138,2.3,0.0,0.0141,0.9841,-0.0141,0.566406,0.824126,0
139,2.3167,0.0,0.0178,0.9663,-0.0178,0.569997,0.821647,0
140,2.3333,0.0,0.016,0.9503,-0.016,0.573576,0.819152,0
141,2.35,0.0,0.0151,0.9352,-0.0151,0.577145,0.816642,0
142,2.3667,0.0,0.0145,0.9207,-0.0145,0.580703,0.814116,0
143,2.3833,0.0,0.0153,0.9054,-0.0153,0.58425,0.811574,0
144,2.4,0.0,0.0145,0.8909,-0.0145,0.587785,0.809017,0
145,2.4167,0.0,0.0152,0.8757,-0.0152,0.59131,0.806445,0
146,2.4333,0.0,0.0099,0.8658,-0.0099,0.594823,0.803857,0
147,2.45,0.0,0.0141,0.8517,-0.0141,0.598325,0.801254,0
148,2.4667,0.0,0.0137,0.838,-0.0137,0.601815,0.798636,0
149,2.4833,0.0,0.0152,0.8228,-0.0152,0.605294,0.796002,0
150,2.5,0.0,0.0142,0.8086,-0.0142,0.608761,0.793353,0
151,2.5167,0.0,0.0125,0.7961,-0.0125,0.612217,0.79069,0
152,2.5333,0.0,0.0181,0.778,-0.0181,0.615661,0.788011,0
153,2.55,0.0,0.0133,0.7647,-0.0133,0.619094,0.785317,0
154,2.5667,0.0,0.0121,0.7526,-0.0121,0.622515,0.782608,0
155,2.5833,0.0,0.016,0.7366,-0.016,0.625923,0.779884,0
156,2.6,0.0,0.0197,0.7169,-0.0197,0.62932,0.777146,0
157,2.6167,0.0,0.0143,0.7026,-0.0143,0.632705,0.774393,0
158,2.6333,0.0,0.0117,0.6909,-0.0117,0.636078,0.771625,0
159,2.65,0.0,0.015,0.6759,-0.015,0.639439,0.768842,0
160,2.6667,0.0,0.0145,0.6614,-0.0145,0.642788,0.766044,0
161,2.6833,0.0,0.0096,0.6518,-0.0096,0.646124,0.763232,0
162,2.7,0.0,0.014,0.6378,-0.014,0.649448,0.760406,0
163,2.7167,0.0,0.0147,0.6231,-0.0147,0.65276,0.757565,0
164,2.7333,0.0,0.0163,0.6068,-0.0163,0.656059,0.75471,0
165,2.75,0.0,0.0101,0.5967,-0.0101,0.659346,0.75184,0
166,2.7667,0.0,0.0146,0.5821,-0.0146,0.66262,0.748956,0
167,2.7833,0.0,0.0177,0.5644,-0.0177,0.665882,0.746057,0
168,2.8,0.0,0.0128,0.5516,-0.0128,0.669131,0.743145,0
169,2.8167,0.0,0.0129,0.5387,-0.0129,0.672367,0.740218,0
170,2.8333,0.0,0.0127,0.526,-0.0127,0.67559,0.737277,0
171,2.85,0.0,0.0137,0.5123,-0.0137,0.678801,0.734323,0
172,2.8667,0.0,0.0137,0.4986,-0.0137,0.681998,0.731354,0
173,2.8833,0.0,0.0163,0.4823,-0.0163,0.685183,0.728371,0
174,2.9,0.0,0.0135,0.4688,-0.0135,0.688355,0.725374,0
175,2.9167,0.0,0.015,0.4538,-0.015,0.691513,0.722364,0
176,2.9333,0.0,0.0148,0.439,-0.0148,0.694658,0.71934,0
177,2.95,0.0,0.0127,0.4263,-0.0127,0.69779,0.716302,0
178,2.9667,0.0,0.0138,0.4125,-0.0138,0.700909,0.71325,0
179,2.9833,0.0,0.0155,0.397,-0.0155,0.704015,0.710185,0
180,3.0,0.0,0.0165,0.3805,-0.0165,0.707107,0.707107,0
181,3.0167,0.0,0.0131,0.3674,-0.0131,0.710185,0.704015,0
182,3.0333,0.0,0.0129,0.3545,-0.0129,0.71325,0.700909,0
183,3.05,0.0,0.0184,0.3361,-0.0184,0.716302,0.69779,0
184,3.0667,0.0,0.014,0.3221,-0.014,0.71934,0.694658,0
185,3.0833,0.0,0.0163,0.3058,-0.0163,0.722364,0.691513,0
186,3.1,0.0,0.0164,0.2894,-0.0164,0.725374,0.688355,0
187,3.1167,0.0,0.0107,0.2787,-0.0107,0.728371,0.685183,0
188,3.1333,0.0,0.0145,0.2642,-0.0145,0.731354,0.681998,0
189,3.15,0.0,0.014,0.2502,-0.014,0.734323,0.678801,0
190,3.1667,0.0,0.0163,0.2339,-0.0163,0.737277,0.67559,0
191,3.1833,0.0,0.0142,0.2197,-0.0142,0.740218,0.672367,0
192,3.2,0.0,0.018,0.2017,-0.018,0.743145,0.669131,0
193,3.2167,0.0,0.0088,0.1929,-0.0088,0.746057,0.665882,0
194,3.2333,0.0,0.0137,0.1792,-0.0137,0.748956,0.66262,0
195,3.25,0.0,0.0145,0.1647,-0.0145,0.75184,0.659346,0
196,3.2667,0.0,0.0147,0.15,-0.0147,0.75471,0.656059,0
197,3.2833,0.0,0.0145,0.1355,-0.0145,0.757565,0.65276,0
198,3.3,0.0,0.0137,0.1218,-0.0137,0.760406,0.649448,0
199,3.3167,0.0,0.0164,0.1054,-0.0164,0.763232,0.646124,0
200,3.3333,0.0,0.0113,0.0941,-0.0113,0.766044,0.642788,0
201,3.35,0.0,0.0154,0.0787,-0.0154,0.768842,0.639439,0
202,3.3667,0.0,0.0125,0.0662,-0.0125,0.771625,0.636078,0
203,3.3833,0.0,0.0193,0.0469,-0.0193,0.774393,0.632705,0
204,3.4,0.0,0.0123,0.0346,-0.0123,0.777146,0.62932,0
205,3.4167,0.0,0.0162,0.0184,-0.0162,0.779884,0.625923,0
206,3.4333,0.0,0.0133,0.0051,-0.0133,0.782608,0.622515,0
207,3.45,0.0,0.0147,0.0,-0.0147,0.785317,0.619094,1
208,3.4667,0.0,0.0137,0.0,-0.0137,0.788011,0.615661,1
209,3.4833,0.0,0.0134,0.0,-0.0134,0.79069,0.612217,1
210,3.5,0.0,0.0183,0.0,-0.0183,0.793353,0.608761,1
211,3.5167,0.0,0.0144,0.0,-0.0144,0.796002,0.605294,1
212,3.5333,0.0,0.0155,0.0,-0.0155,0.798636,0.601815,1
213,3.55,0.0,0.0126,0.0,-0.0126,0.801254,0.598325,1
214,3.5667,0.0,0.0167,0.0,-0.0167,0.803857,0.594823,1
215,3.5833,0.0,0.0154,0.0,-0.0154,0.806445,0.59131,1
216,3.6,0.0,0.0096,0.0,-0.0096,0.809017,0.587785,1
217,3.6167,0.0,0.0095,0.0,-0.0095,0.811574,0.58425,1
218,3.6333,0.0,0.016,0.0,-0.016,0.814116,0.580703,1
219,3.65,0.0,0.0178,0.0,-0.0178,0.816642,0.577145,1
220,3.6667,0.0,0.0132,0.0,-0.0132,0.819152,0.573576,1
221,3.6833,0.0,0.0148,0.0,-0.0148,0.821647,0.569997,1
222,3.7,0.0,0.0121,0.0,-0.0121,0.824126,0.566406,1
223,3.7167,0.0,0.0163,0.0,-0.0163,0.82659,0.562805,1
224,3.7333,0.0,0.0117,0.0,-0.0117,0.829038,0.559193,1
225,3.75,0.0,0.0124,0.0,-0.0124,0.83147,0.55557,1
226,3.7667,0.0,0.0138,0.0,-0.0138,0.833886,0.551937,1
227,3.7833,0.0,0.0148,0.0,-0.0148,0.836286,0.548293,1
228,3.8,0.0,0.0111,0.0,-0.0111,0.838671,0.544639,1
229,3.8167,0.0,0.0171,0.0,-0.0171,0.841039,0.540974,1
230,3.8333,0.0,0.0124,0.0,-0.0124,0.843391,0.5373,1
231,3.85,0.0,0.0141,0.0,-0.0141,0.845728,0.533615,1
232,3.8667,0.0,0.0144,0.0,-0.0144,0.848048,0.529919,1
233,3.8833,0.0,0.014,0.0,-0.014,0.850352,0.526214,1
234,3.9,0.0,0.018,0.0,-0.018,0.85264,0.522499,1
235,3.9167,0.0,0.0167,0.0,-0.0167,0.854912,0.518773,1
236,3.9333,0.0,0.0145,0.0,-0.0145,0.857167,0.515038,1
237,3.95,0.0,0.0137,0.0,-0.0137,0.859406,0.511293,1
238,3.9667,0.0,0.015,0.0,-0.015,0.861629,0.507538,1
239,3.9833,0.0,0.0149,0.0,-0.0149,0.863836,0.503774,1
240,4.0,0.0,0.0155,0.0,-0.0155,0.866025,0.5,1
241,4.0167,0.0,0.0109,0.0,-0.0109,0.868199,0.496217,1
242,4.0333,0.0,0.0106,0.0,-0.0106,0.870356,0.492424,1
243,4.05,0.0,0.0167,0.0,-0.0167,0.872496,0.488621,1
244,4.0667,0.0,0.0144,0.0,-0.0144,0.87462,0.48481,1
245,4.0833,0.0,0.0156,0.0,-0.0156,0.876727,0.480989,1
246,4.1,0.0,0.0163,0.0,-0.0163,0.878817,0.477159,1
247,4.1167,0.0,0.017,0.0,-0.017,0.880891,0.47332,1
248,4.1333,0.0,0.0175,0.0,-0.0175,0.882948,0.469472,1
249,4.15,0.0,0.0147,0.0,-0.0147,0.884988,0.465615,1
250,4.1667,0.0,0.0164,0.0,-0.0164,0.887011,0.461749,1
251,4.1833,0.0,0.0127,0.0,-0.0127,0.889017,0.457874,1
252,4.2,0.0,0.0169,0.0,-0.0169,0.891007,0.45399,1
253,4.2167,0.0,0.0102,0.0,-0.0102,0.892979,0.450098,1
254,4.2333,0.0,0.0118,0.0,-0.0118,0.894934,0.446198,1
255,4.25,0.0,0.0135,0.0,-0.0135,0.896873,0.442289,1
256,4.2667,0.0,0.0164,0.0,-0.0164,0.898794,0.438371,1
257,4.2833,0.0,0.0156,0.0,-0.0156,0.900698,0.434445,1
258,4.3,0.0,0.0139,0.0,-0.0139,0.902585,0.430511,1
259,4.3167,0.0,0.0128,0.0,-0.0128,0.904455,0.426569,1
260,4.3333,0.0,0.0113,0.0,-0.0113,0.906308,0.422618,1
261,4.35,0.0,0.0149,0.0,-0.0149,0.908143,0.41866,1
262,4.3667,0.0,0.0142,0.0,-0.0142,0.909961,0.414693,1
263,4.3833,0.0,0.0107,0.0,-0.0107,0.911762,0.410719,1
264,4.4,0.0,0.0119,0.0,-0.0119,0.913545,0.406737,1
265,4.4167,0.0,0.0139,0.0,-0.0139,0.915311,0.402747,1
266,4.4333,0.0,0.0149,0.0,-0.0149,0.91706,0.398749,1
267,4.45,0.0,0.0163,0.0,-0.0163,0.918791,0.394744,1
268,4.4667,0.0,0.0142,0.0,-0.0142,0.920505,0.390731,1
269,4.4833,0.0,0.0161,0.0,-0.0161,0.922201,0.386711,1
270,4.5,0.0,0.0159,0.0,-0.0159,0.92388,0.382683,1
271,4.5167,0.0,0.0138,0.0,-0.0138,0.925541,0.378649,1
272,4.5333,0.0,0.0168,0.0,-0.0168,0.927184,0.374607,1
273,4.55,0.0,0.0141,0.0,-0.0141,0.92881,0.370557,1
274,4.5667,0.0,0.0151,0.0,-0.0151,0.930418,0.366501,1
275,4.5833,0.0,0.0105,0.0,-0.0105,0.932008,0.362438,1
276,4.6,0.0,0.0135,0.0,-0.0135,0.93358,0.358368,1
277,4.6167,0.0,0.0156,0.0,-0.0156,0.935135,0.354291,1
278,4.6333,0.0,0.014,0.0,-0.014,0.936672,0.350207,1
279,4.65,0.0,0.0157,0.0,-0.0157,0.938191,0.346117,1
280,4.6667,0.0,0.0119,0.0,-0.0119,0.939693,0.34202,1
281,4.6833,0.0,0.0139,0.0,-0.0139,0.941176,0.337917,1
282,4.7,0.0,0.0155,0.0,-0.0155,0.942641,0.333807,1
283,4.7167,0.0,0.0138,0.0,-0.0138,0.944089,0.329691,1
284,4.7333,0.0,0.0129,0.0,-0.0129,0.945519,0.325568,1
285,4.75,0.0,0.0129,0.0,-0.0129,0.94693,0.321439,1
286,4.7667,0.0,0.0092,0.0,-0.0092,0.948324,0.317305,1
287,4.7833,0.0,0.0193,0.0,-0.0193,0.949699,0.313164,1
288,4.8,0.0,0.0192,0.0,-0.0192,0.951057,0.309017,1
289,4.8167,0.0,0.0156,0.0,-0.0156,0.952396,0.304864,1
290,4.8333,0.0,0.0187,0.0,-0.0187,0.953717,0.300706,1
291,4.85,0.0,0.0154,0.0,-0.0154,0.95502,0.296542,1
292,4.8667,0.0,0.0154,0.0,-0.0154,0.956305,0.292372,1
293,4.8833,0.0,0.0128,0.0,-0.0128,0.957571,0.288196,1
294,4.9,0.0,0.0143,0.0,-0.0143,0.95882,0.284015,1
295,4.9167,0.0,0.0167,0.0,-0.0167,0.96005,0.279829,1
296,4.9333,0.0,0.017,0.0,-0.017,0.961262,0.275637,1
297,4.95,0.0,0.0138,0.0,-0.0138,0.962455,0.27144,1
298,4.9667,0.0,0.0149,0.0,-0.0149,0.96363,0.267238,1
299,4.9833,0.0,0.0148,0.0,-0.0148,0.964787,0.263031,1
300,5.0,0.0,0.0115,0.0,-0.0115,0.965926,0.258819,1
301,5.0167,0.0,0.0161,0.0,-0.0161,0.967046,0.254602,1
302,5.0333,0.0,0.0157,0.0,-0.0157,0.968148,0.25038,1
303,5.05,0.0,0.0143,0.0,-0.0143,0.969231,0.246153,1
304,5.0667,0.0,0.0164,0.0,-0.0164,0.970296,0.241922,1
305,5.0833,0.0,0.0157,0.0,-0.0157,0.971342,0.237686,1
306,5.1,0.0,0.0155,0.0,-0.0155,0.97237,0.233445,1
307,5.1167,0.0,0.0161,0.0,-0.0161,0.973379,0.2292,1
308,5.1333,0.0,0.012,0.0,-0.012,0.97437,0.224951,1
309,5.15,0.0,0.0141,0.0,-0.0141,0.975342,0.220697,1
310,5.1667,0.0,0.0106,0.0,-0.0106,0.976296,0.21644,1
311,5.1833,0.0,0.0114,0.0,-0.0114,0.977231,0.212178,1
312,5.2,0.0,0.0135,0.0,-0.0135,0.978148,0.207912,1
313,5.2167,0.0,0.0149,0.0,-0.0149,0.979045,0.203642,1
314,5.2333,0.0,0.0136,0.0,-0.0136,0.979925,0.199368,1
315,5.25,0.0,0.0142,0.0,-0.0142,0.980785,0.19509,1
316,5.2667,0.0,0.012,0.0,-0.012,0.981627,0.190809,1
317,5.2833,0.0,0.0139,0.0,-0.0139,0.98245,0.186524,1
318,5.3,0.0,0.014,0.0,-0.014,0.983255,0.182236,1
319,5.3167,0.0,0.0122,0.0,-0.0122,0.984041,0.177944,1
320,5.3333,0.0,0.0156,0.0,-0.0156,0.984808,0.173648,1
321,5.35,0.0,0.0161,0.0,-0.0161,0.985556,0.16935,1
322,5.3667,0.0,0.0141,0.0,-0.0141,0.986286,0.165048,1
323,5.3833,0.0,0.0147,0.0,-0.0147,0.986996,0.160743,1
324,5.4,0.0,0.0172,0.0,-0.0172,0.987688,0.156434,1
325,5.4167,0.0,0.0173,0.0,-0.0173,0.988362,0.152123,1
326,5.4333,0.0,0.0129,0.0,-0.0129,0.989016,0.147809,1
327,5.45,0.0,0.0123,0.0,-0.0123,0.989651,0.143493,1
328,5.4667,0.0,0.0121,0.0,-0.0121,0.990268,0.139173,1
329,5.4833,0.0,0.0131,0.0,-0.0131,0.990866,0.134851,1
330,5.5,0.0,0.0152,0.0,-0.0152,0.991445,0.130526,1
331,5.5167,0.0,0.0178,0.0,-0.0178,0.992005,0.126199,1
332,5.5333,0.0,0.0159,0.0,-0.0159,0.992546,0.121869,1
333,5.55,0.0,0.0149,0.0,-0.0149,0.993068,0.117537,1
334,5.5667,0.0,0.0132,0.0,-0.0132,0.993572,0.113203,1
335,5.5833,0.0,0.0162,0.0,-0.0162,0.994056,0.108867,1
336,5.6,0.0,0.0152,0.0,-0.0152,0.994522,0.104528,1
337,5.6167,0.0,0.013,0.0,-0.013,0.994969,0.100188,1
338,5.6333,0.0,0.0154,0.0,-0.0154,0.995396,0.095846,1
339,5.65,0.0,0.0117,0.0,-0.0117,0.995805,0.091502,1
340,5.6667,0.0,0.0145,0.0,-0.0145,0.996195,0.087156,1
341,5.6833,0.0,0.0151,0.0,-0.0151,0.996566,0.082808,1
342,5.7,0.0,0.0134,0.0,-0.0134,0.996917,0.078459,1
343,5.7167,0.0,0.0169,0.0,-0.0169,0.99725,0.074108,1
344,5.7333,0.0,0.015,0.0,-0.015,0.997564,0.069756,1
345,5.75,0.0,0.0146,0.0,-0.0146,0.997859,0.065403,1
346,5.7667,0.0,0.0111,0.0,-0.0111,0.998135,0.061049,1
347,5.7833,0.0,0.0124,0.0,-0.0124,0.998392,0.056693,1
348,5.8,0.0,0.0135,0.0,-0.0135,0.99863,0.052336,1
349,5.8167,0.0,0.0156,0.0,-0.0156,0.998848,0.047978,1
350,5.8333,0.0,0.0167,0.0,-0.0167,0.999048,0.043619,1
351,5.85,0.0,0.0153,0.0,-0.0153,0.999229,0.03926,1
352,5.8667,0.0,0.0129,0.0,-0.0129,0.999391,0.034899,1
353,5.8833,0.0,0.0159,0.0,-0.0159,0.999534,0.030539,1
354,5.9,0.0,0.0143,0.0,-0.0143,0.999657,0.026177,1
355,5.9167,0.0,0.0149,0.0,-0.0149,0.999762,0.021815,1
356,5.9333,0.0,0.0128,0.0,-0.0128,0.999848,0.017452,1
357,5.95,0.0,0.0102,0.0,-0.0102,0.999914,0.01309,1
358,5.9667,0.0,0.0147,0.0,-0.0147,0.999962,0.008727,1
359,5.9833,0.0,0.0144,0.0,-0.0144,0.99999,0.004363,1
360,6.0,0.0,0.0243,0.0,-0.0243,1.0,0.0,1
361,6.0167,0.00395,0.028,0.0,-0.02405,0.99999,-0.004363,1
362,6.0333,0.004283,0.0265,0.0,-0.022217,0.999962,-0.008727,1
363,6.05,0.0035,0.0244,0.0,-0.0209,0.999914,-0.01309,1
364,6.0667,0.002167,0.0234,0.0,-0.021233,0.999848,-0.017452,1
365,6.0833,0.00205,0.0305,0.0,-0.02845,0.999762,-0.021815,1
366,6.1,0.000883,0.0265,0.0,-0.025617,0.999657,-0.026177,1
367,6.1167,0.004017,0.0267,0.0,-0.022683,0.999534,-0.030539,1
368,6.1333,0.009583,0.0265,0.0,-0.016917,0.999391,-0.034899,1
369,6.15,0.001867,0.0257,0.0,-0.023833,0.999229,-0.03926,1
370,6.1667,0.0018,0.0241,0.0,-0.0223,0.999048,-0.043619,1
371,6.1833,0.00285,0.0279,0.0,-0.02505,0.998848,-0.047978,1
372,6.2,0.00555,0.0277,0.0,-0.02215,0.99863,-0.052336,1
373,6.2167,0.0062,0.0301,0.0,-0.0239,0.998392,-0.056693,1
374,6.2333,0.003533,0.0241,0.0,-0.020567,0.998135,-0.061049,1
375,6.25,0.009317,0.0274,0.0,-0.018083,0.997859,-0.065403,1
376,6.2667,0.008733,0.0273,0.0,-0.018567,0.997564,-0.069756,1
377,6.2833,0.009683,0.0275,0.0,-0.017817,0.99725,-0.074108,1
378,6.3,0.00375,0.0285,0.0,-0.02475,0.996917,-0.078459,1
379,6.3167,0.01155,0.0295,0.0,-0.01795,0.996566,-0.082808,1
380,6.3333,0.009133,0.0264,0.0,-0.017267,0.996195,-0.087156,1
381,6.35,0.009867,0.023,0.0,-0.013133,0.995805,-0.091502,1
382,6.3667,0.00965,0.029,0.0,-0.01935,0.995396,-0.095846,1
383,6.3833,0.01225,0.0249,0.0,-0.01265,0.994969,-0.100188,1
384,6.4,0.012683,0.0271,0.0,-0.014417,0.994522,-0.104528,1
385,6.4167,0.012483,0.0254,0.0,-0.012917,0.994056,-0.108867,1
386,6.4333,0.017,0.0297,0.0,-0.0127,0.993572,-0.113203,1
387,6.45,0.017433,0.0285,0.0,-0.011067,0.993068,-0.117537,1
388,6.4667,0.011767,0.0261,0.0,-0.014333,0.992546,-0.121869,1
389,6.4833,0.011233,0.0255,0.0,-0.014267,0.992005,-0.126199,1
390,6.5,0.021817,0.0258,0.0,-0.003983,0.991445,-0.130526,1
391,6.5167,0.016833,0.0285,0.0,-0.011667,0.990866,-0.134851,1
392,6.5333,0.020833,0.0301,0.0,-0.009267,0.990268,-0.139173,1
393,6.55,0.016717,0.0273,0.0,-0.010583,0.989651,-0.143493,1
394,6.5667,0.017967,0.0265,0.0,-0.008533,0.989016,-0.147809,1
395,6.5833,0.020733,0.0259,0.0,-0.005167,0.988362,-0.152123,1
396,6.6,0.019067,0.0234,0.0,-0.004333,0.987688,-0.156434,1
397,6.6167,0.01995,0.0239,0.0,-0.00395,0.986996,-0.160743,1
398,6.6333,0.0188,0.0255,0.0,-0.0067,0.986286,-0.165048,1
399,6.65,0.024467,0.0279,0.0,-0.003433,0.985556,-0.16935,1
400,6.6667,0.022,0.0248,0.0,-0.0028,0.984808,-0.173648,1
401,6.6833,0.021317,0.0257,0.0,-0.004383,0.984041,-0.177944,1
402,6.7,0.019883,0.0264,0.0,-0.006517,0.983255,-0.182236,1
403,6.7167,0.021633,0.0268,0.0,-0.005167,0.98245,-0.186524,1
404,6.7333,0.020683,0.0264,0.0,-0.005717,0.981627,-0.190809,1
405,6.75,0.0206,0.0259,0.0,-0.0053,0.980785,-0.19509,1
406,6.7667,0.019667,0.0274,0.0,-0.007733,0.979925,-0.199368,1
407,6.7833,0.021467,0.0289,0.0,-0.007433,0.979045,-0.203642,1
408,6.8,0.024033,0.0238,0.0002,0.000233,0.978148,-0.207912,0
409,6.8167,0.025633,0.026,0.0,-0.000367,0.977231,-0.212178,1
410,6.8333,0.0289,0.0257,0.0032,0.0032,0.976296,-0.21644,0
411,6.85,0.023267,0.0255,0.001,-0.002233,0.975342,-0.220697,0
412,6.8667,0.028533,0.0279,0.0016,0.000633,0.97437,-0.224951,0
413,6.8833,0.030667,0.0269,0.0054,0.003767,0.973379,-0.2292,0
414,6.9,0.025983,0.0262,0.0052,-0.000217,0.97237,-0.233445,0
415,6.9167,0.029217,0.0287,0.0057,0.000517,0.971342,-0.237686,0
416,6.9333,0.03125,0.0251,0.0118,0.00615,0.970296,-0.241922,0
417,6.95,0.02845,0.0241,0.0162,0.00435,0.969231,-0.246153,0
418,6.9667,0.032683,0.0295,0.0194,0.003183,0.968148,-0.25038,0
419,6.9833,0.03345,0.0278,0.0251,0.00565,0.967046,-0.254602,0
420,7.0,0.028583,0.0471,0.0066,-0.018517,0.965926,-0.258819,0
421,7.0167,0.027267,0.0486,0.0,-0.021333,0.964787,-0.263031,1
422,7.0333,0.031017,0.0468,0.0,-0.015783,0.96363,-0.267238,1
423,7.05,0.0307,0.0461,0.0,-0.0154,0.962455,-0.27144,1
424,7.0667,0.030083,0.0485,0.0,-0.018417,0.961262,-0.275637,1
425,7.0833,0.0318,0.0482,0.0,-0.0164,0.96005,-0.279829,1
426,7.1,0.032817,0.0502,0.0,-0.017383,0.95882,-0.284015,1
427,7.1167,0.03245,0.048,0.0,-0.01555,0.957571,-0.288196,1
428,7.1333,0.031133,0.0502,0.0,-0.019067,0.956305,-0.292372,1
429,7.15,0.0348,0.0478,0.0,-0.013,0.95502,-0.296542,1
430,7.1667,0.038167,0.0454,0.0,-0.007233,0.953717,-0.300706,1
431,7.1833,0.03875,0.0481,0.0,-0.00935,0.952396,-0.304864,1
432,7.2,0.036167,0.0517,0.0,-0.015533,0.951057,-0.309017,1
433,7.2167,0.036217,0.0477,0.0,-0.011483,0.949699,-0.313164,1
434,7.2333,0.037533,0.0466,0.0,-0.009067,0.948324,-0.317305,1
435,7.25,0.035233,0.0504,0.0,-0.015167,0.94693,-0.321439,1
436,7.2667,0.03865,0.0476,0.0,-0.00895,0.945519,-0.325568,1
437,7.2833,0.039367,0.0458,0.0,-0.006433,0.944089,-0.329691,1
438,7.3,0.0442,0.051,0.0,-0.0068,0.942641,-0.333807,1
439,7.3167,0.039733,0.0458,0.0,-0.006067,0.941176,-0.337917,1
440,7.3333,0.038583,0.0499,0.0,-0.011317,0.939693,-0.34202,1
441,7.35,0.044267,0.0459,0.0,-0.001633,0.938191,-0.346117,1
442,7.3667,0.041133,0.0451,0.0,-0.003967,0.936672,-0.350207,1
443,7.3833,0.042833,0.0486,0.0,-0.005767,0.935135,-0.354291,1
444,7.4,0.043667,0.0492,0.0,-0.005533,0.93358,-0.358368,1
445,7.4167,0.04235,0.0465,0.0,-0.00415,0.932008,-0.362438,1
446,7.4333,0.045267,0.0457,0.0,-0.000433,0.930418,-0.366501,1
447,7.45,0.04605,0.0507,0.0,-0.00465,0.92881,-0.370557,1
448,7.4667,0.043833,0.0482,0.0,-0.004367,0.927184,-0.374607,1
449,7.4833,0.0446,0.0464,0.0,-0.0018,0.925541,-0.378649,1
450,7.5,0.04745,0.049,0.0,-0.00155,0.92388,-0.382683,1
451,7.5167,0.045167,0.0469,0.0,-0.001733,0.922201,-0.386711,1
452,7.5333,0.046583,0.0472,0.0,-0.000617,0.920505,-0.390731,1
453,7.55,0.046533,0.0472,0.0,-0.000667,0.918791,-0.394744,1
454,7.5667,0.046,0.0495,0.0,-0.0035,0.91706,-0.398749,1
455,7.5833,0.05085,0.0478,0.003,0.00305,0.915311,-0.402747,0
456,7.6,0.047867,0.0463,0.0046,0.001567,0.913545,-0.406737,0
457,7.6167,0.051517,0.0487,0.0074,0.002817,0.911762,-0.410719,0
458,7.6333,0.049717,0.0497,0.0074,1.7e-05,0.909961,-0.414693,0
459,7.65,0.053267,0.0448,0.0159,0.008467,0.908143,-0.41866,0
460,7.6667,0.052367,0.0464,0.0219,0.005967,0.906308,-0.422618,0
461,7.6833,0.054017,0.0504,0.0255,0.003617,0.904455,-0.426569,0
462,7.7,0.050917,0.046,0.0304,0.004917,0.902585,-0.430511,0
463,7.7167,0.052667,0.0473,0.0358,0.005367,0.900698,-0.434445,0
464,7.7333,0.052467,0.0482,0.0401,0.004267,0.898794,-0.438371,0
465,7.75,0.058233,0.0478,0.0505,0.010433,0.896873,-0.442289,0
466,7.7667,0.05145,0.0483,0.0537,0.00315,0.894934,-0.446198,0
467,7.7833,0.055867,0.0471,0.0625,0.008767,0.892979,-0.450098,0
468,7.8,0.058317,0.0468,0.074,0.011517,0.891007,-0.45399,0
469,7.8167,0.058133,0.0495,0.0826,0.008633,0.889017,-0.457874,0
470,7.8333,0.056117,0.0453,0.0934,0.010817,0.887011,-0.461749,0
471,7.85,0.054133,0.0467,0.1008,0.007433,0.884988,-0.465615,0
472,7.8667,0.054283,0.0486,0.1065,0.005683,0.882948,-0.469472,0
473,7.8833,0.059767,0.0499,0.1164,0.009867,0.880891,-0.47332,0
474,7.9,0.053267,0.0449,0.1248,0.008367,0.878817,-0.477159,0
475,7.9167,0.06295,0.0473,0.1404,0.01565,0.876727,-0.480989,0
476,7.9333,0.059717,0.0504,0.1497,0.009317,0.87462,-0.48481,0
477,7.95,0.056183,0.0492,0.1567,0.006983,0.872496,-0.488621,0
478,7.9667,0.062767,0.0471,0.1724,0.015667,0.870356,-0.492424,0
479,7.9833,0.057967,0.0479,0.1825,0.010067,0.868199,-0.496217,0
480,8.0,0.0588,0.0471,0.1942,0.0117,0.866025,-0.5,0
481,8.0167,0.062417,0.0482,0.2084,0.014217,0.863836,-0.503774,0
482,8.0333,0.059117,0.055,0.2125,0.004117,0.861629,-0.507538,0
483,8.05,0.060417,0.045,0.2279,0.015417,0.859406,-0.511293,0
484,8.0667,0.059083,0.0496,0.2374,0.009483,0.857167,-0.515038,0
485,8.0833,0.062983,0.0475,0.2529,0.015483,0.854912,-0.518773,0
486,8.1,0.06075,0.0466,0.2671,0.01415,0.85264,-0.522499,0
487,8.1167,0.066833,0.044,0.2899,0.022833,0.850352,-0.526214,0
488,8.1333,0.066,0.0472,0.3087,0.0188,0.848048,-0.529919,0
489,8.15,0.063667,0.0468,0.3256,0.016867,0.845728,-0.533615,0
490,8.1667,0.063283,0.0502,0.3387,0.013083,0.843391,-0.5373,0
491,8.1833,0.063033,0.0466,0.3551,0.016433,0.841039,-0.540974,0
492,8.2,0.065117,0.0476,0.3726,0.017517,0.838671,-0.544639,0
493,8.2167,0.068,0.0481,0.3925,0.0199,0.836286,-0.548293,0
494,8.2333,0.067383,0.0477,0.4122,0.019683,0.833886,-0.551937,0
495,8.25,0.0696,0.0464,0.4354,0.0232,0.83147,-0.55557,0
496,8.2667,0.06965,0.045,0.4601,0.02465,0.829038,-0.559193,0
497,8.2833,0.068783,0.0491,0.4798,0.019683,0.82659,-0.562805,0
498,8.3,0.06585,0.0514,0.4942,0.01445,0.824126,-0.566406,0
499,8.3167,0.0717,0.0522,0.5137,0.0195,0.821647,-0.569997,0
500,8.3333,0.066967,0.0464,0.5343,0.020567,0.819152,-0.573576,0
501,8.35,0.066083,0.0471,0.5533,0.018983,0.816642,-0.577145,0
502,8.3667,0.071083,0.0478,0.5766,0.023283,0.814116,-0.580703,0
503,8.3833,0.06755,0.0512,0.5929,0.01635,0.811574,-0.58425,0
504,8.4,0.071833,0.0467,0.618,0.025133,0.809017,-0.587785,0
505,8.4167,0.072117,0.0435,0.6466,0.028617,0.806445,-0.59131,0
506,8.4333,0.0646,0.047,0.6642,0.0176,0.803857,-0.594823,0
507,8.45,0.06905,0.0477,0.6855,0.02135,0.801254,-0.598325,0
508,8.4667,0.073617,0.0523,0.7068,0.021317,0.798636,-0.601815,0
509,8.4833,0.072533,0.0488,0.7305,0.023733,0.796002,-0.605294,0
510,8.5,0.071067,0.0479,0.7537,0.023167,0.793353,-0.608761,0
511,8.5167,0.074333,0.048,0.78,0.026333,0.79069,-0.612217,0
512,8.5333,0.074933,0.05,0.8049,0.024933,0.788011,-0.615661,0
513,8.55,0.074667,0.0485,0.8311,0.026167,0.785317,-0.619094,0
514,8.5667,0.072783,0.0489,0.855,0.023883,0.782608,-0.622515,0
515,8.5833,0.076217,0.046,0.8852,0.030217,0.779884,-0.625923,0
516,8.6,0.07715,0.0461,0.9163,0.03105,0.777146,-0.62932,0
517,8.6167,0.07885,0.0474,0.9477,0.03145,0.774393,-0.632705,0
518,8.6333,0.07955,0.0487,0.9786,0.03085,0.771625,-0.636078,0
519,8.65,0.076217,0.0467,1.0081,0.029517,0.768842,-0.639439,0
520,8.6667,0.0781,0.0474,1.0388,0.0307,0.766044,-0.642788,0
521,8.6833,0.076117,0.0541,1.0608,0.022017,0.763232,-0.646124,0
522,8.7,0.079917,0.0476,1.0931,0.032317,0.760406,-0.649448,0
523,8.7167,0.081017,0.0449,1.1292,0.036117,0.757565,-0.65276,0
524,8.7333,0.085833,0.052,1.163,0.033833,0.75471,-0.656059,0
525,8.75,0.076633,0.0468,1.1928,0.029833,0.75184,-0.659346,0
526,8.7667,0.081567,0.0509,1.2235,0.030667,0.748956,-0.66262,0
527,8.7833,0.078883,0.0494,1.253,0.029483,0.746057,-0.665882,0
528,8.8,0.076183,0.0462,1.283,0.029983,0.743145,-0.669131,0
529,8.8167,0.081083,0.0472,1.3169,0.033883,0.740218,-0.672367,0
530,8.8333,0.079617,0.0486,1.3479,0.031017,0.737277,-0.67559,0
531,8.85,0.082267,0.0486,1.3816,0.033667,0.734323,-0.678801,0
532,8.8667,0.083883,0.0495,1.416,0.034383,0.731354,-0.681998,0
533,8.8833,0.0779,0.0491,1.4448,0.0288,0.728371,-0.685183,0
534,8.9,0.08055,0.0476,1.4777,0.03295,0.725374,-0.688355,0
535,8.9167,0.080067,0.0451,1.5127,0.034967,0.722364,-0.691513,0
536,8.9333,0.085383,0.0476,1.5505,0.037783,0.71934,-0.694658,0
537,8.95,0.082417,0.0446,1.5883,0.037817,0.716302,-0.69779,0
538,8.9667,0.0864,0.042,1.6327,0.0444,0.71325,-0.700909,0
539,8.9833,0.084767,0.0466,1.6709,0.038167,0.710185,-0.704015,0
540,9.0,0.087583,0.023,1.7355,0.064583,0.707107,-0.707107,0
541,9.0167,0.08435,0.028,1.7918,0.05635,0.704015,-0.710185,0
542,9.0333,0.081017,0.028,1.8448,0.053017,0.700909,-0.71325,0
543,9.05,0.08905,0.0266,1.9073,0.06245,0.69779,-0.716302,0
544,9.0667,0.083533,0.0292,1.9616,0.054333,0.694658,-0.71934,0
545,9.0833,0.090633,0.0223,2.0299,0.068333,0.691513,-0.722364,0
546,9.1,0.085783,0.0248,2.0909,0.060983,0.688355,-0.725374,0
547,9.1167,0.0898,0.0252,2.1555,0.0646,0.685183,-0.728371,0
548,9.1333,0.085517,0.0251,2.2159,0.060417,0.681998,-0.731354,0
549,9.15,0.08895,0.0254,2.2795,0.06355,0.678801,-0.734323,0
550,9.1667,0.086583,0.0284,2.3377,0.058183,0.67559,-0.737277,0
551,9.1833,0.091133,0.0228,2.406,0.068333,0.672367,-0.740218,0
552,9.2,0.0849,0.0284,2.4625,0.0565,0.669131,-0.743145,0
553,9.2167,0.091167,0.0269,2.5268,0.064267,0.665882,-0.746057,0
554,9.2333,0.087367,0.0282,2.586,0.059167,0.66262,-0.748956,0
555,9.25,0.087433,0.0258,2.6476,0.061633,0.659346,-0.75184,0
556,9.2667,0.0888,0.0231,2.7133,0.0657,0.656059,-0.75471,0
557,9.2833,0.09195,0.0259,2.7793,0.06605,0.65276,-0.757565,0
558,9.3,0.089633,0.0267,2.8422,0.062933,0.649448,-0.760406,0
559,9.3167,0.089333,0.0235,2.908,0.065833,0.646124,-0.763232,0
560,9.3333,0.091567,0.0291,2.9705,0.062467,0.642788,-0.766044,0
561,9.35,0.090083,0.0242,3.0364,0.065883,0.639439,-0.768842,0
562,9.3667,0.095033,0.0234,3.108,0.071633,0.636078,-0.771625,0
563,9.3833,0.09265,0.0259,3.1747,0.06675,0.632705,-0.774393,0
564,9.4,0.0904,0.0297,3.2354,0.0607,0.62932,-0.777146,0
565,9.4167,0.097967,0.0244,3.309,0.073567,0.625923,-0.779884,0
566,9.4333,0.097417,0.0304,3.376,0.067017,0.622515,-0.782608,0
567,9.45,0.094183,0.0268,3.4434,0.067383,0.619094,-0.785317,0
568,9.4667,0.094283,0.0279,3.5098,0.066383,0.615661,-0.788011,0
569,9.4833,0.09865,0.0288,3.5796,0.06985,0.612217,-0.79069,0
570,9.5,0.094617,0.0242,3.65,0.070417,0.608761,-0.793353,0
571,9.5167,0.09425,0.0245,3.7197,0.06975,0.605294,-0.796002,0
572,9.5333,0.096233,0.0263,3.7896,0.069933,0.601815,-0.798636,0
573,9.55,0.094067,0.0287,3.855,0.065367,0.598325,-0.801254,0
574,9.5667,0.096533,0.0291,3.9224,0.067433,0.594823,-0.803857,0
575,9.5833,0.100383,0.0303,3.9925,0.070083,0.59131,-0.806445,0
576,9.6,0.0966,0.0246,4.0645,0.072,0.587785,-0.809017,0
577,9.6167,0.097133,0.0252,4.1364,0.071933,0.58425,-0.811574,0
578,9.6333,0.100783,0.0275,4.2097,0.073283,0.580703,-0.814116,0
579,9.65,0.094867,0.028,4.2766,0.066867,0.577145,-0.816642,0
580,9.6667,0.098867,0.026,4.3495,0.072867,0.573576,-0.819152,0
581,9.6833,0.094967,0.0269,4.4176,0.068067,0.569997,-0.821647,0
582,9.7,0.100983,0.0276,4.491,0.073383,0.566406,-0.824126,0
583,9.7167,0.099583,0.0282,4.5624,0.071383,0.562805,-0.82659,0
584,9.7333,0.102483,0.0276,4.6373,0.074883,0.559193,-0.829038,0
585,9.75,0.100283,0.0243,4.7133,0.075983,0.55557,-0.83147,0
586,9.7667,0.1007,0.0254,4.7886,0.0753,0.551937,-0.833886,0
587,9.7833,0.1019,0.025,4.8655,0.0769,0.548293,-0.836286,0
588,9.8,0.09995,0.0258,4.9396,0.07415,0.544639,-0.838671,0
589,9.8167,0.100717,0.025,5.0153,0.075717,0.540974,-0.841039,0
590,9.8333,0.099167,0.0242,5.0903,0.074967,0.5373,-0.843391,0
591,9.85,0.104133,0.0269,5.1675,0.077233,0.533615,-0.845728,0
592,9.8667,0.09735,0.0276,5.2373,0.06975,0.529919,-0.848048,0
593,9.8833,0.103083,0.0238,5.3166,0.079283,0.526214,-0.850352,0
594,9.9,0.1037,0.0269,5.3934,0.0768,0.522499,-0.85264,0
595,9.9167,0.103967,0.0268,5.4706,0.077167,0.518773,-0.854912,0
596,9.9333,0.099817,0.0249,5.5455,0.074917,0.515038,-0.857167,0
597,9.95,0.106067,0.0245,5.6271,0.081567,0.511293,-0.859406,0
598,9.9667,0.1076,0.0262,5.7085,0.0814,0.507538,-0.861629,0
599,9.9833,0.10545,0.0293,5.7847,0.07615,0.503774,-0.863836,0
600,10.0,0.103133,0.0282,5.8596,0.074933,0.5,-0.866025,0
601,10.0167,0.104667,0.0276,5.9367,0.077067,0.496217,-0.868199,0
602,10.0333,0.103633,0.0265,6.0138,0.077133,0.492424,-0.870356,0
603,10.05,0.1049,0.0262,6.0925,0.0787,0.488621,-0.872496,0
604,10.0667,0.102283,0.0242,6.1706,0.078083,0.48481,-0.87462,0
605,10.0833,0.103917,0.0264,6.2481,0.077517,0.480989,-0.876727,0
606,10.1,0.108217,0.0248,6.3315,0.083417,0.477159,-0.878817,0
607,10.1167,0.10575,0.0315,6.4057,0.07425,0.47332,-0.880891,0
608,10.1333,0.105667,0.027,6.4844,0.078667,0.469472,-0.882948,0
609,10.15,0.103833,0.0273,6.5609,0.076533,0.465615,-0.884988,0
610,10.1667,0.104033,0.0257,6.6392,0.078333,0.461749,-0.887011,0
611,10.1833,0.11085,0.0259,6.7241,0.08495,0.457874,-0.889017,0
612,10.2,0.108783,0.0259,6.807,0.082883,0.45399,-0.891007,0
613,10.2167,0.108733,0.0262,6.8895,0.082533,0.450098,-0.892979,0
614,10.2333,0.10835,0.0261,6.9718,0.08225,0.446198,-0.894934,0
615,10.25,0.109033,0.0273,7.0535,0.081733,0.442289,-0.896873,0
616,10.2667,0.107183,0.0279,7.1328,0.079283,0.438371,-0.898794,0
617,10.2833,0.104433,0.0272,7.21,0.077233,0.434445,-0.900698,0
618,10.3,0.104433,0.0279,7.2865,0.076533,0.430511,-0.902585,0
619,10.3167,0.109583,0.03,7.3661,0.079583,0.426569,-0.904455,0
620,10.3333,0.108667,0.0299,7.4449,0.078767,0.422618,-0.906308,0
621,10.35,0.100933,0.0249,7.5209,0.076033,0.41866,-0.908143,0
622,10.3667,0.109033,0.0271,7.6028,0.081933,0.414693,-0.909961,0
623,10.3833,0.1116,0.0257,7.6887,0.0859,0.410719,-0.911762,0
624,10.4,0.114317,0.0279,7.7751,0.086417,0.406737,-0.913545,0
625,10.4167,0.10715,0.0276,7.8547,0.07955,0.402747,-0.915311,0
626,10.4333,0.110517,0.027,7.9382,0.083517,0.398749,-0.91706,0
627,10.45,0.112033,0.0296,8.0206,0.082433,0.394744,-0.918791,0
628,10.4667,0.109133,0.0257,8.104,0.083433,0.390731,-0.920505,0
629,10.4833,0.1124,0.0311,8.1853,0.0813,0.386711,-0.922201,0
630,10.5,0.111417,0.0276,8.2691,0.083817,0.382683,-0.92388,0
631,10.5167,0.110683,0.0287,8.3511,0.081983,0.378649,-0.925541,0
632,10.5333,0.111117,0.0254,8.4368,0.085717,0.374607,-0.927184,0
633,10.55,0.1123,0.0264,8.5227,0.0859,0.370557,-0.92881,0
634,10.5667,0.114517,0.0279,8.6093,0.086617,0.366501,-0.930418,0
635,10.5833,0.112117,0.0277,8.6937,0.084417,0.362438,-0.932008,0
636,10.6,0.1108,0.0295,8.775,0.0813,0.358368,-0.93358,0
637,10.6167,0.1166,0.0258,8.8658,0.0908,0.354291,-0.935135,0
638,10.6333,0.11305,0.0268,8.952,0.08625,0.350207,-0.936672,0
639,10.65,0.113683,0.025,9.0407,0.088683,0.346117,-0.938191,0
640,10.6667,0.1106,0.0279,9.1234,0.0827,0.34202,-0.939693,0
641,10.6833,0.11165,0.0255,9.2096,0.08615,0.337917,-0.941176,0
642,10.7,0.107017,0.0308,9.2858,0.076217,0.333807,-0.942641,0
643,10.7167,0.114417,0.0275,9.3727,0.086917,0.329691,-0.944089,0
644,10.7333,0.113917,0.026,9.4606,0.087917,0.325568,-0.945519,0
645,10.75,0.117167,0.0261,9.5517,0.091067,0.321439,-0.94693,0
646,10.7667,0.114717,0.0262,9.6402,0.088517,0.317305,-0.948324,0
647,10.7833,0.117917,0.0268,9.7313,0.091117,0.313164,-0.949699,0
648,10.8,0.112217,0.0232,9.8203,0.089017,0.309017,-0.951057,0
649,10.8167,0.1157,0.0223,9.9137,0.0934,0.304864,-0.952396,0
650,10.8333,0.1133,0.0268,10.0002,0.0865,0.300706,-0.953717,0
651,10.85,0.112517,0.0277,10.085,0.084817,0.296542,-0.95502,0
652,10.8667,0.111033,0.0273,10.1687,0.083733,0.292372,-0.956305,0
653,10.8833,0.110083,0.0229,10.2559,0.087183,0.288196,-0.957571,0
654,10.9,0.117667,0.0264,10.3472,0.091267,0.284015,-0.95882,0
655,10.9167,0.1149,0.0248,10.4373,0.0901,0.279829,-0.96005,0
656,10.9333,0.11585,0.0281,10.5251,0.08775,0.275637,-0.961262,0
657,10.95,0.1143,0.0252,10.6142,0.0891,0.27144,-0.962455,0
658,10.9667,0.11755,0.026,10.7058,0.09155,0.267238,-0.96363,0
659,10.9833,0.11475,0.0297,10.7909,0.08505,0.263031,-0.964787,0
660,11.0,0.118867,0.0293,10.8805,0.089567,0.258819,-0.965926,0
661,11.0167,0.114783,0.0272,10.9681,0.087583,0.254602,-0.967046,0
662,11.0333,0.114683,0.0248,11.058,0.089883,0.25038,-0.968148,0
663,11.05,0.117833,0.0274,11.1484,0.090433,0.246153,-0.969231,0
664,11.0667,0.120133,0.025,11.2435,0.095133,0.241922,-0.970296,0
665,11.0833,0.114783,0.0235,11.3348,0.091283,0.237686,-0.971342,0
666,11.1,0.121667,0.0269,11.4296,0.094767,0.233445,-0.97237,0
667,11.1167,0.116217,0.0243,11.5215,0.091917,0.2292,-0.973379,0
668,11.1333,0.115033,0.0272,11.6093,0.087833,0.224951,-0.97437,0
669,11.15,0.11385,0.0248,11.6983,0.08905,0.220697,-0.975342,0
670,11.1667,0.114517,0.0276,11.7852,0.086917,0.21644,-0.976296,0
671,11.1833,0.116917,0.0246,11.8775,0.092317,0.212178,-0.977231,0
672,11.2,0.118567,0.0274,11.9687,0.091167,0.207912,-0.978148,0
673,11.2167,0.116233,0.0268,12.0581,0.089433,0.203642,-0.979045,0
674,11.2333,0.124683,0.0295,12.1533,0.095183,0.199368,-0.979925,0
675,11.25,0.11865,0.0269,12.2451,0.09175,0.19509,-0.980785,0
676,11.2667,0.118933,0.0247,12.3393,0.094233,0.190809,-0.981627,0
677,11.2833,0.1207,0.0245,12.4355,0.0962,0.186524,-0.98245,0
678,11.3,0.121467,0.0286,12.5284,0.092867,0.182236,-0.983255,0
679,11.3167,0.1181,0.0269,12.6196,0.0912,0.177944,-0.984041,0
680,11.3333,0.11625,0.0267,12.7092,0.08955,0.173648,-0.984808,0
681,11.35,0.118267,0.0266,12.8009,0.091667,0.16935,-0.985556,0
682,11.3667,0.115683,0.0291,12.8875,0.086583,0.165048,-0.986286,0
683,11.3833,0.1178,0.0243,12.981,0.0935,0.160743,-0.986996,0
684,11.4,0.119133,0.025,13.0751,0.094133,0.156434,-0.987688,0
685,11.4167,0.117967,0.0263,13.1668,0.091667,0.152123,-0.988362,0
686,11.4333,0.119017,0.0255,13.2603,0.093517,0.147809,-0.989016,0
687,11.45,0.11825,0.0273,13.3513,0.09095,0.143493,-0.989651,0
688,11.4667,0.124017,0.0261,13.4492,0.097917,0.139173,-0.990268,0
689,11.4833,0.119717,0.0285,13.5404,0.091217,0.134851,-0.990866,0
690,11.5,0.1202,0.0275,13.6331,0.0927,0.130526,-0.991445,0
691,11.5167,0.124,0.0308,13.7263,0.0932,0.126199,-0.992005,0
692,11.5333,0.119767,0.0268,13.8193,0.092967,0.121869,-0.992546,0
693,11.55,0.118417,0.0264,13.9113,0.092017,0.117537,-0.993068,0
694,11.5667,0.119133,0.0289,14.0015,0.090233,0.113203,-0.993572,0
695,11.5833,0.1185,0.0268,14.0932,0.0917,0.108867,-0.994056,0
696,11.6,0.120583,0.0293,14.1845,0.091283,0.104528,-0.994522,0
697,11.6167,0.116983,0.0256,14.2759,0.091383,0.100188,-0.994969,0
698,11.6333,0.121467,0.0272,14.3702,0.094267,0.095846,-0.995396,0
699,11.65,0.11825,0.0232,14.4653,0.09505,0.091502,-0.995805,0
700,11.6667,0.122567,0.025,14.5629,0.097567,0.087156,-0.996195,0
701,11.6833,0.1216,0.026,14.6585,0.0956,0.082808,-0.996566,0
702,11.7,0.12005,0.0302,14.7484,0.08985,0.078459,-0.996917,0
703,11.7167,0.117283,0.0258,14.8399,0.091483,0.074108,-0.99725,0
704,11.7333,0.119617,0.0303,14.9292,0.089317,0.069756,-0.997564,0
705,11.75,0.1201,0.0264,15.0,0.0937,0.065403,-0.997859,0
706,11.7667,0.1201,0.0273,15.0,0.0928,0.061049,-0.998135,0
707,11.7833,0.118317,0.0263,15.0,0.092017,0.056693,-0.998392,0
708,11.8,0.118017,0.0258,15.0,0.092217,0.052336,-0.99863,0
709,11.8167,0.122217,0.023,15.0,0.099217,0.047978,-0.998848,0
710,11.8333,0.1233,0.0241,15.0,0.0992,0.043619,-0.999048,0
711,11.85,0.121533,0.0247,15.0,0.096833,0.03926,-0.999229,0
712,11.8667,0.119583,0.0258,15.0,0.093783,0.034899,-0.999391,0
713,11.8833,0.118867,0.0261,15.0,0.092767,0.030539,-0.999534,0
714,11.9,0.118183,0.0262,15.0,0.091983,0.026177,-0.999657,0
715,11.9167,0.120233,0.0229,15.0,0.097333,0.021815,-0.999762,0
716,11.9333,0.12345,0.0226,15.0,0.10085,0.017452,-0.999848,0
717,11.95,0.121517,0.0268,15.0,0.094717,0.01309,-0.999914,0
718,11.9667,0.115267,0.025,15.0,0.090267,0.008727,-0.999962,0
719,11.9833,0.124217,0.0246,15.0,0.099617,0.004363,-0.99999,0
720,12.0,0.121367,0.0298,15.0,0.091567,0.0,-1.0,0
721,12.0167,0.119717,0.0261,15.0,0.093617,-0.004363,-0.99999,0
722,12.0333,0.11875,0.0269,15.0,0.09185,-0.008727,-0.999962,0
723,12.05,0.118967,0.0271,15.0,0.091867,-0.01309,-0.999914,0
724,12.0667,0.117833,0.0242,15.0,0.093633,-0.017452,-0.999848,0
725,12.0833,0.120733,0.0236,15.0,0.097133,-0.021815,-0.999762,0
726,12.1,0.120667,0.0275,15.0,0.093167,-0.026177,-0.999657,0
727,12.1167,0.119567,0.0258,15.0,0.093767,-0.030539,-0.999534,0
728,12.1333,0.11795,0.0265,15.0,0.09145,-0.034899,-0.999391,0
729,12.15,0.122167,0.027,15.0,0.095167,-0.03926,-0.999229,0
730,12.1667,0.116433,0.0319,15.0,0.084533,-0.043619,-0.999048,0
731,12.1833,0.12255,0.0282,15.0,0.09435,-0.047978,-0.998848,0
732,12.2,0.118633,0.027,15.0,0.091633,-0.052336,-0.99863,0
733,12.2167,0.120033,0.0255,15.0,0.094533,-0.056693,-0.998392,0
734,12.2333,0.119967,0.024,15.0,0.095967,-0.061049,-0.998135,0
735,12.25,0.118383,0.0253,15.0,0.093083,-0.065403,-0.997859,0
736,12.2667,0.122683,0.025,15.0,0.097683,-0.069756,-0.997564,0
737,12.2833,0.118983,0.0254,15.0,0.093583,-0.074108,-0.99725,0
738,12.3,0.119217,0.029,15.0,0.090217,-0.078459,-0.996917,0
739,12.3167,0.122367,0.0231,15.0,0.099267,-0.082808,-0.996566,0
740,12.3333,0.12045,0.0266,15.0,0.09385,-0.087156,-0.996195,0
741,12.35,0.118883,0.0233,15.0,0.095583,-0.091502,-0.995805,0
742,12.3667,0.12425,0.027,15.0,0.09725,-0.095846,-0.995396,0
743,12.3833,0.115133,0.0267,15.0,0.088433,-0.100188,-0.994969,0
744,12.4,0.12125,0.0254,15.0,0.09585,-0.104528,-0.994522,0
745,12.4167,0.121083,0.0284,15.0,0.092683,-0.108867,-0.994056,0
746,12.4333,0.121683,0.028,15.0,0.093683,-0.113203,-0.993572,0
747,12.45,0.122883,0.0245,15.0,0.098383,-0.117537,-0.993068,0
748,12.4667,0.117167,0.0273,15.0,0.089867,-0.121869,-0.992546,0
749,12.4833,0.119567,0.0258,15.0,0.093767,-0.126199,-0.992005,0
750,12.5,0.1198,0.0239,15.0,0.0959,-0.130526,-0.991445,0
751,12.5167,0.1185,0.0266,15.0,0.0919,-0.134851,-0.990866,0
752,12.5333,0.117083,0.0284,15.0,0.088683,-0.139173,-0.990268,0
753,12.55,0.115333,0.0246,15.0,0.090733,-0.143493,-0.989651,0
754,12.5667,0.116133,0.0254,15.0,0.090733,-0.147809,-0.989016,0
755,12.5833,0.116433,0.0246,15.0,0.091833,-0.152123,-0.988362,0
756,12.6,0.114117,0.0274,15.0,0.086717,-0.156434,-0.987688,0
757,12.6167,0.123833,0.0257,15.0,0.098133,-0.160743,-0.986996,0
758,12.6333,0.116633,0.0278,15.0,0.088833,-0.165048,-0.986286,0
759,12.65,0.1161,0.0266,15.0,0.0895,-0.16935,-0.985556,0
760,12.6667,0.118317,0.0294,15.0,0.088917,-0.173648,-0.984808,0
761,12.6833,0.118517,0.0257,15.0,0.092817,-0.177944,-0.984041,0
762,12.7,0.120333,0.0272,15.0,0.093133,-0.182236,-0.983255,0
763,12.7167,0.122617,0.0248,15.0,0.097817,-0.186524,-0.98245,0
764,12.7333,0.121133,0.0274,15.0,0.093733,-0.190809,-0.981627,0
765,12.75,0.118333,0.0285,15.0,0.089833,-0.19509,-0.980785,0
766,12.7667,0.11365,0.0302,15.0,0.08345,-0.199368,-0.979925,0
767,12.7833,0.11865,0.0242,15.0,0.09445,-0.203642,-0.979045,0
768,12.8,0.115783,0.0256,15.0,0.090183,-0.207912,-0.978148,0
769,12.8167,0.11665,0.0287,15.0,0.08795,-0.212178,-0.977231,0
770,12.8333,0.115467,0.0277,15.0,0.087767,-0.21644,-0.976296,0
771,12.85,0.112383,0.0276,15.0,0.084783,-0.220697,-0.975342,0
772,12.8667,0.118,0.0269,15.0,0.0911,-0.224951,-0.97437,0
773,12.8833,0.123183,0.0298,15.0,0.093383,-0.2292,-0.973379,0
774,12.9,0.120533,0.0236,15.0,0.096933,-0.233445,-0.97237,0
775,12.9167,0.11655,0.0272,15.0,0.08935,-0.237686,-0.971342,0
776,12.9333,0.11895,0.0287,15.0,0.09025,-0.241922,-0.970296,0
777,12.95,0.11085,0.0288,15.0,0.08205,-0.246153,-0.969231,0
778,12.9667,0.11855,0.025,15.0,0.09355,-0.25038,-0.968148,0
779,12.9833,0.1136,0.0261,15.0,0.0875,-0.254602,-0.967046,0
780,13.0,0.114967,0.0244,15.0,0.090567,-0.258819,-0.965926,0
781,13.0167,0.118033,0.0252,15.0,0.092833,-0.263031,-0.964787,0
782,13.0333,0.11445,0.0255,15.0,0.08895,-0.267238,-0.96363,0
783,13.05,0.11465,0.026,15.0,0.08865,-0.27144,-0.962455,0
784,13.0667,0.11105,0.0269,15.0,0.08415,-0.275637,-0.961262,0
785,13.0833,0.11265,0.025,15.0,0.08765,-0.279829,-0.96005,0
786,13.1,0.113583,0.03,15.0,0.083583,-0.284015,-0.95882,0
787,13.1167,0.11575,0.0247,15.0,0.09105,-0.288196,-0.957571,0
788,13.1333,0.111367,0.0312,15.0,0.080167,-0.292372,-0.956305,0
789,13.15,0.110067,0.0271,15.0,0.082967,-0.296542,-0.95502,0
790,13.1667,0.116433,0.0232,15.0,0.093233,-0.300706,-0.953717,0
791,13.1833,0.1157,0.0266,15.0,0.0891,-0.304864,-0.952396,0
792,13.2,0.1111,0.0235,15.0,0.0876,-0.309017,-0.951057,0
793,13.2167,0.110183,0.0261,15.0,0.084083,-0.313164,-0.949699,0
794,13.2333,0.1126,0.0269,15.0,0.0857,-0.317305,-0.948324,0
795,13.25,0.109717,0.0279,15.0,0.081817,-0.321439,-0.94693,0
796,13.2667,0.1158,0.0288,15.0,0.087,-0.325568,-0.945519,0
797,13.2833,0.113117,0.0246,15.0,0.088517,-0.329691,-0.944089,0
798,13.3,0.110117,0.0273,15.0,0.082817,-0.333807,-0.942641,0
799,13.3167,0.11575,0.0254,15.0,0.09035,-0.337917,-0.941176,0
800,13.3333,0.10895,0.0275,15.0,0.08145,-0.34202,-0.939693,0
801,13.35,0.114733,0.0274,15.0,0.087333,-0.346117,-0.938191,0
802,13.3667,0.111467,0.0253,15.0,0.086167,-0.350207,-0.936672,0
803,13.3833,0.110967,0.0233,15.0,0.087667,-0.354291,-0.935135,0
804,13.4,0.114583,0.0243,15.0,0.090283,-0.358368,-0.93358,0
805,13.4167,0.107767,0.0245,15.0,0.083267,-0.362438,-0.932008,0
806,13.4333,0.115217,0.0292,15.0,0.086017,-0.366501,-0.930418,0
807,13.45,0.10925,0.0269,15.0,0.08235,-0.370557,-0.92881,0
808,13.4667,0.112817,0.03,15.0,0.082817,-0.374607,-0.927184,0
809,13.4833,0.116433,0.0234,15.0,0.093033,-0.378649,-0.925541,0
810,13.5,0.110467,0.0247,15.0,0.085767,-0.382683,-0.92388,0
811,13.5167,0.10575,0.0232,15.0,0.08255,-0.386711,-0.922201,0
812,13.5333,0.109583,0.0261,15.0,0.083483,-0.390731,-0.920505,0
813,13.55,0.111283,0.0273,15.0,0.083983,-0.394744,-0.918791,0
814,13.5667,0.111717,0.0284,15.0,0.083317,-0.398749,-0.91706,0
815,13.5833,0.108217,0.0278,15.0,0.080417,-0.402747,-0.915311,0
816,13.6,0.1092,0.0271,15.0,0.0821,-0.406737,-0.913545,0
817,13.6167,0.109117,0.0291,15.0,0.080017,-0.410719,-0.911762,0
818,13.6333,0.111517,0.0288,15.0,0.082717,-0.414693,-0.909961,0
819,13.65,0.109517,0.0272,15.0,0.082317,-0.41866,-0.908143,0
820,13.6667,0.108017,0.0274,15.0,0.080617,-0.422618,-0.906308,0
821,13.6833,0.1111,0.0276,15.0,0.0835,-0.426569,-0.904455,0
822,13.7,0.1056,0.0269,15.0,0.0787,-0.430511,-0.902585,0
823,13.7167,0.111383,0.0234,15.0,0.087983,-0.434445,-0.900698,0
824,13.7333,0.107733,0.0259,15.0,0.081833,-0.438371,-0.898794,0
825,13.75,0.107833,0.0266,15.0,0.081233,-0.442289,-0.896873,0
826,13.7667,0.1052,0.029,15.0,0.0762,-0.446198,-0.894934,0
827,13.7833,0.1119,0.0253,15.0,0.0866,-0.450098,-0.892979,0
828,13.8,0.109867,0.0281,15.0,0.081767,-0.45399,-0.891007,0
829,13.8167,0.10215,0.0267,15.0,0.07545,-0.457874,-0.889017,0
830,13.8333,0.1086,0.0267,15.0,0.0819,-0.461749,-0.887011,0
831,13.85,0.106917,0.0225,15.0,0.084417,-0.465615,-0.884988,0
832,13.8667,0.10625,0.0241,15.0,0.08215,-0.469472,-0.882948,0
833,13.8833,0.1059,0.0271,15.0,0.0788,-0.47332,-0.880891,0
834,13.9,0.10615,0.0221,15.0,0.08405,-0.477159,-0.878817,0
835,13.9167,0.103717,0.0262,15.0,0.077517,-0.480989,-0.876727,0
836,13.9333,0.102,0.0221,15.0,0.0799,-0.48481,-0.87462,0
837,13.95,0.105967,0.0228,15.0,0.083167,-0.488621,-0.872496,0
838,13.9667,0.10395,0.0267,15.0,0.07725,-0.492424,-0.870356,0
839,13.9833,0.108833,0.0269,15.0,0.081933,-0.496217,-0.868199,0
840,14.0,0.107733,0.0229,15.0,0.084833,-0.5,-0.866025,0
841,14.0167,0.103233,0.0262,15.0,0.077033,-0.503774,-0.863836,0
842,14.0333,0.107133,0.0256,15.0,0.081533,-0.507538,-0.861629,0
843,14.05,0.10005,0.0276,15.0,0.07245,-0.511293,-0.859406,0
844,14.0667,0.105067,0.0261,15.0,0.078967,-0.515038,-0.857167,0
845,14.0833,0.102717,0.027,15.0,0.075717,-0.518773,-0.854912,0
846,14.1,0.099833,0.0266,15.0,0.073233,-0.522499,-0.85264,0
847,14.1167,0.101633,0.0259,15.0,0.075733,-0.526214,-0.850352,0
848,14.1333,0.103333,0.0242,15.0,0.079133,-0.529919,-0.848048,0
849,14.15,0.100533,0.0265,15.0,0.074033,-0.533615,-0.845728,0
850,14.1667,0.10225,0.0251,15.0,0.07715,-0.5373,-0.843391,0
851,14.1833,0.102967,0.0242,15.0,0.078767,-0.540974,-0.841039,0
852,14.2,0.103033,0.0284,15.0,0.074633,-0.544639,-0.838671,0
853,14.2167,0.098817,0.0272,15.0,0.071617,-0.548293,-0.836286,0
854,14.2333,0.101483,0.0259,15.0,0.075583,-0.551937,-0.833886,0
855,14.25,0.1001,0.0235,15.0,0.0766,-0.55557,-0.83147,0
856,14.2667,0.096933,0.0255,15.0,0.071433,-0.559193,-0.829038,0
857,14.2833,0.09975,0.0259,15.0,0.07385,-0.562805,-0.82659,0
858,14.3,0.099,0.0252,15.0,0.0738,-0.566406,-0.824126,0
859,14.3167,0.095333,0.0223,15.0,0.073033,-0.569997,-0.821647,0
860,14.3333,0.0953,0.0223,15.0,0.073,-0.573576,-0.819152,0
861,14.35,0.0967,0.0265,15.0,0.0702,-0.577145,-0.816642,0
862,14.3667,0.096933,0.0216,15.0,0.075333,-0.580703,-0.814116,0
863,14.3833,0.094483,0.0258,15.0,0.068683,-0.58425,-0.811574,0
864,14.4,0.097733,0.0282,15.0,0.069533,-0.587785,-0.809017,0
865,14.4167,0.095833,0.025,15.0,0.070833,-0.59131,-0.806445,0
866,14.4333,0.094733,0.0245,15.0,0.070233,-0.594823,-0.803857,0
867,14.45,0.0998,0.0217,15.0,0.0781,-0.598325,-0.801254,0
868,14.4667,0.097,0.0255,15.0,0.0715,-0.601815,-0.798636,0
869,14.4833,0.0947,0.0291,15.0,0.0656,-0.605294,-0.796002,0
870,14.5,0.096583,0.0253,15.0,0.071283,-0.608761,-0.793353,0
871,14.5167,0.093883,0.023,15.0,0.070883,-0.612217,-0.79069,0
872,14.5333,0.097867,0.0249,15.0,0.072967,-0.615661,-0.788011,0
873,14.55,0.093183,0.0266,15.0,0.066583,-0.619094,-0.785317,0
874,14.5667,0.09595,0.0301,15.0,0.06585,-0.622515,-0.782608,0
875,14.5833,0.093467,0.028,15.0,0.065467,-0.625923,-0.779884,0
876,14.6,0.094767,0.0266,15.0,0.068167,-0.62932,-0.777146,0
877,14.6167,0.094417,0.0288,15.0,0.065617,-0.632705,-0.774393,0
878,14.6333,0.093567,0.0245,15.0,0.069067,-0.636078,-0.771625,0
879,14.65,0.092433,0.0254,15.0,0.067033,-0.639439,-0.768842,0
880,14.6667,0.0905,0.0257,15.0,0.0648,-0.642788,-0.766044,0
881,14.6833,0.091683,0.026,15.0,0.065683,-0.646124,-0.763232,0
882,14.7,0.08525,0.0227,15.0,0.06255,-0.649448,-0.760406,0
883,14.7167,0.089833,0.0267,15.0,0.063133,-0.65276,-0.757565,0
884,14.7333,0.092833,0.0263,15.0,0.066533,-0.656059,-0.75471,0
885,14.75,0.094283,0.0288,15.0,0.065483,-0.659346,-0.75184,0
886,14.7667,0.092517,0.028,15.0,0.064517,-0.66262,-0.748956,0
887,14.7833,0.083267,0.0244,15.0,0.058867,-0.665882,-0.746057,0
888,14.8,0.089633,0.028,15.0,0.061633,-0.669131,-0.743145,0
889,14.8167,0.087067,0.0231,15.0,0.063967,-0.672367,-0.740218,0
890,14.8333,0.089217,0.0261,15.0,0.063117,-0.67559,-0.737277,0
891,14.85,0.087817,0.027,15.0,0.060817,-0.678801,-0.734323,0
892,14.8667,0.08845,0.0246,15.0,0.06385,-0.681998,-0.731354,0
893,14.8833,0.09065,0.0288,15.0,0.06185,-0.685183,-0.728371,0
894,14.9,0.086117,0.0322,15.0,0.053917,-0.688355,-0.725374,0
895,14.9167,0.087917,0.0253,15.0,0.062617,-0.691513,-0.722364,0
896,14.9333,0.087617,0.0232,15.0,0.064417,-0.694658,-0.71934,0
897,14.95,0.084083,0.0228,15.0,0.061283,-0.69779,-0.716302,0
898,14.9667,0.0831,0.0261,15.0,0.057,-0.700909,-0.71325,0
899,14.9833,0.088167,0.026,15.0,0.062167,-0.704015,-0.710185,0
900,15.0,0.086817,0.0304,15.0,0.056417,-0.707107,-0.707107,0
901,15.0167,0.085317,0.0261,15.0,0.059217,-0.710185,-0.704015,0
902,15.0333,0.08315,0.0275,15.0,0.05565,-0.71325,-0.700909,0
903,15.05,0.082483,0.0283,15.0,0.054183,-0.716302,-0.69779,0
904,15.0667,0.084333,0.024,15.0,0.060333,-0.71934,-0.694658,0
905,15.0833,0.082133,0.0258,15.0,0.056333,-0.722364,-0.691513,0
906,15.1,0.083567,0.0257,15.0,0.057867,-0.725374,-0.688355,0
907,15.1167,0.08595,0.0252,15.0,0.06075,-0.728371,-0.685183,0
908,15.1333,0.0846,0.0286,15.0,0.056,-0.731354,-0.681998,0
909,15.15,0.081567,0.0228,15.0,0.058767,-0.734323,-0.678801,0
910,15.1667,0.077,0.0293,15.0,0.0477,-0.737277,-0.67559,0
911,15.1833,0.07885,0.0276,15.0,0.05125,-0.740218,-0.672367,0
912,15.2,0.0779,0.0256,15.0,0.0523,-0.743145,-0.669131,0
913,15.2167,0.07825,0.0241,15.0,0.05415,-0.746057,-0.665882,0
914,15.2333,0.079883,0.0241,15.0,0.055783,-0.748956,-0.66262,0
915,15.25,0.0785,0.0249,15.0,0.0536,-0.75184,-0.659346,0
916,15.2667,0.080317,0.0289,15.0,0.051417,-0.75471,-0.656059,0
917,15.2833,0.0792,0.0252,15.0,0.054,-0.757565,-0.65276,0
918,15.3,0.07725,0.0265,15.0,0.05075,-0.760406,-0.649448,0
919,15.3167,0.077833,0.0251,15.0,0.052733,-0.763232,-0.646124,0
920,15.3333,0.0716,0.0271,15.0,0.0445,-0.766044,-0.642788,0
921,15.35,0.074333,0.0272,15.0,0.047133,-0.768842,-0.639439,0
922,15.3667,0.075117,0.0275,15.0,0.047617,-0.771625,-0.636078,0
923,15.3833,0.075667,0.0286,15.0,0.047067,-0.774393,-0.632705,0
924,15.4,0.0781,0.0296,15.0,0.0485,-0.777146,-0.62932,0
925,15.4167,0.07745,0.0274,15.0,0.05005,-0.779884,-0.625923,0
926,15.4333,0.072517,0.0237,15.0,0.048817,-0.782608,-0.622515,0
927,15.45,0.075683,0.0263,15.0,0.049383,-0.785317,-0.619094,0
928,15.4667,0.069567,0.0241,15.0,0.045467,-0.788011,-0.615661,0
929,15.4833,0.075783,0.026,15.0,0.049783,-0.79069,-0.612217,0
930,15.5,0.070717,0.0279,15.0,0.042817,-0.793353,-0.608761,0
931,15.5167,0.074217,0.0289,15.0,0.045317,-0.796002,-0.605294,0
932,15.5333,0.0683,0.0266,15.0,0.0417,-0.798636,-0.601815,0
933,15.55,0.073,0.0264,15.0,0.0466,-0.801254,-0.598325,0
934,15.5667,0.072017,0.0335,15.0,0.038517,-0.803857,-0.594823,0
935,15.5833,0.071467,0.0272,15.0,0.044267,-0.806445,-0.59131,0
936,15.6,0.0686,0.03,15.0,0.0386,-0.809017,-0.587785,0
937,15.6167,0.068,0.0272,15.0,0.0408,-0.811574,-0.58425,0
938,15.6333,0.07,0.0259,15.0,0.0441,-0.814116,-0.580703,0
939,15.65,0.0672,0.0312,15.0,0.036,-0.816642,-0.577145,0
940,15.6667,0.070367,0.0252,15.0,0.045167,-0.819152,-0.573576,0
941,15.6833,0.068633,0.0263,15.0,0.042333,-0.821647,-0.569997,0
942,15.7,0.07285,0.0252,15.0,0.04765,-0.824126,-0.566406,0
943,15.7167,0.069767,0.0267,15.0,0.043067,-0.82659,-0.562805,0
944,15.7333,0.072367,0.0225,15.0,0.049867,-0.829038,-0.559193,0
945,15.75,0.06195,0.0242,15.0,0.03775,-0.83147,-0.55557,0
946,15.7667,0.071233,0.025,15.0,0.046233,-0.833886,-0.551937,0
947,15.7833,0.062867,0.0237,15.0,0.039167,-0.836286,-0.548293,0
948,15.8,0.062983,0.0265,15.0,0.036483,-0.838671,-0.544639,0
949,15.8167,0.0609,0.0272,15.0,0.0337,-0.841039,-0.540974,0
950,15.8333,0.068217,0.0288,15.0,0.039417,-0.843391,-0.5373,0
951,15.85,0.0597,0.0293,15.0,0.0304,-0.845728,-0.533615,0
952,15.8667,0.063017,0.0265,15.0,0.036517,-0.848048,-0.529919,0
953,15.8833,0.061933,0.0264,15.0,0.035533,-0.850352,-0.526214,0
954,15.9,0.060167,0.0266,15.0,0.033567,-0.85264,-0.522499,0
955,15.9167,0.0649,0.0251,15.0,0.0398,-0.854912,-0.518773,0
956,15.9333,0.06245,0.0255,15.0,0.03695,-0.857167,-0.515038,0
957,15.95,0.062,0.0246,15.0,0.0374,-0.859406,-0.511293,0
958,15.9667,0.0643,0.0235,15.0,0.0408,-0.861629,-0.507538,0
959,15.9833,0.060067,0.0302,15.0,0.029867,-0.863836,-0.503774,0
960,16.0,0.059383,0.0267,15.0,0.032683,-0.866025,-0.5,0
961,16.0167,0.058917,0.03,15.0,0.028917,-0.868199,-0.496217,0
962,16.0333,0.0567,0.0239,15.0,0.0328,-0.870356,-0.492424,0
963,16.05,0.05585,0.0269,15.0,0.02895,-0.872496,-0.488621,0
964,16.0667,0.057583,0.0248,15.0,0.032783,-0.87462,-0.48481,0
965,16.0833,0.055683,0.0259,15.0,0.029783,-0.876727,-0.480989,0
966,16.1,0.057017,0.023,15.0,0.034017,-0.878817,-0.477159,0
967,16.1167,0.05565,0.0276,15.0,0.02805,-0.880891,-0.47332,0
968,16.1333,0.05515,0.0271,15.0,0.02805,-0.882948,-0.469472,0
969,16.15,0.058417,0.0289,15.0,0.029517,-0.884988,-0.465615,0
970,16.1667,0.055167,0.0252,15.0,0.029967,-0.887011,-0.461749,0
971,16.1833,0.05635,0.0287,15.0,0.02765,-0.889017,-0.457874,0
972,16.2,0.055133,0.0276,15.0,0.027533,-0.891007,-0.45399,0
973,16.2167,0.052917,0.025,15.0,0.027917,-0.892979,-0.450098,0
974,16.2333,0.055,0.0317,15.0,0.0233,-0.894934,-0.446198,0
975,16.25,0.058567,0.0288,15.0,0.029767,-0.896873,-0.442289,0
976,16.2667,0.054033,0.0243,15.0,0.029733,-0.898794,-0.438371,0
977,16.2833,0.050117,0.0296,15.0,0.020517,-0.900698,-0.434445,0
978,16.3,0.053083,0.0261,15.0,0.026983,-0.902585,-0.430511,0
979,16.3167,0.04745,0.0261,15.0,0.02135,-0.904455,-0.426569,0
980,16.3333,0.047383,0.0262,15.0,0.021183,-0.906308,-0.422618,0
981,16.35,0.048517,0.0243,15.0,0.024217,-0.908143,-0.41866,0
982,16.3667,0.048817,0.0296,15.0,0.019217,-0.909961,-0.414693,0
983,16.3833,0.0532,0.0269,15.0,0.0263,-0.911762,-0.410719,0
984,16.4,0.04915,0.0275,15.0,0.02165,-0.913545,-0.406737,0
985,16.4167,0.0502,0.0251,15.0,0.0251,-0.915311,-0.402747,0
986,16.4333,0.045717,0.0264,15.0,0.019317,-0.91706,-0.398749,0
987,16.45,0.0455,0.0285,15.0,0.017,-0.918791,-0.394744,0
988,16.4667,0.046233,0.0268,15.0,0.019433,-0.920505,-0.390731,0
989,16.4833,0.046,0.0286,15.0,0.0174,-0.922201,-0.386711,0
990,16.5,0.04935,0.0232,15.0,0.02615,-0.92388,-0.382683,0
991,16.5167,0.048883,0.0275,15.0,0.021383,-0.925541,-0.378649,0
992,16.5333,0.047067,0.0264,15.0,0.020667,-0.927184,-0.374607,0
993,16.55,0.0444,0.0252,15.0,0.0192,-0.92881,-0.370557,0
994,16.5667,0.041367,0.0267,15.0,0.014667,-0.930418,-0.366501,0
995,16.5833,0.044383,0.028,15.0,0.016383,-0.932008,-0.362438,0
996,16.6,0.0469,0.0275,15.0,0.0194,-0.93358,-0.358368,0
997,16.6167,0.0446,0.0291,15.0,0.0155,-0.935135,-0.354291,0
998,16.6333,0.037317,0.0287,15.0,0.008617,-0.936672,-0.350207,0
999,16.65,0.040217,0.0277,15.0,0.012517,-0.938191,-0.346117,0
1000,16.6667,0.040133,0.0254,15.0,0.014733,-0.939693,-0.34202,0
1001,16.6833,0.04375,0.027,15.0,0.01675,-0.941176,-0.337917,0
1002,16.7,0.039517,0.025,15.0,0.014517,-0.942641,-0.333807,0
1003,16.7167,0.04195,0.0256,15.0,0.01635,-0.944089,-0.329691,0
1004,16.7333,0.038867,0.0269,15.0,0.011967,-0.945519,-0.325568,0
1005,16.75,0.036383,0.0255,15.0,0.010883,-0.94693,-0.321439,0
1006,16.7667,0.036717,0.0248,15.0,0.011917,-0.948324,-0.317305,0
1007,16.7833,0.0368,0.0275,15.0,0.0093,-0.949699,-0.313164,0
1008,16.8,0.0366,0.0297,15.0,0.0069,-0.951057,-0.309017,0
1009,16.8167,0.035883,0.0239,15.0,0.011983,-0.952396,-0.304864,0
1010,16.8333,0.04025,0.0249,15.0,0.01535,-0.953717,-0.300706,0
1011,16.85,0.034583,0.0267,15.0,0.007883,-0.95502,-0.296542,0
1012,16.8667,0.033433,0.0272,15.0,0.006233,-0.956305,-0.292372,0
1013,16.8833,0.037883,0.0259,15.0,0.011983,-0.957571,-0.288196,0
1014,16.9,0.03385,0.0284,15.0,0.00545,-0.95882,-0.284015,0
1015,16.9167,0.034267,0.0238,15.0,0.010467,-0.96005,-0.279829,0
1016,16.9333,0.035617,0.0259,15.0,0.009717,-0.961262,-0.275637,0
1017,16.95,0.034533,0.0234,15.0,0.011133,-0.962455,-0.27144,0
1018,16.9667,0.0314,0.0298,15.0,0.0016,-0.96363,-0.267238,0
1019,16.9833,0.035683,0.0259,15.0,0.009783,-0.964787,-0.263031,0
1020,17.0,0.031267,0.0259,15.0,0.005367,-0.965926,-0.258819,0
1021,17.0167,0.03115,0.0225,15.0,0.00865,-0.967046,-0.254602,0
1022,17.0333,0.032,0.0266,15.0,0.0054,-0.968148,-0.25038,0
1023,17.05,0.032983,0.0272,15.0,0.005783,-0.969231,-0.246153,0
1024,17.0667,0.033167,0.0243,15.0,0.008867,-0.970296,-0.241922,0
1025,17.0833,0.029567,0.0261,15.0,0.003467,-0.971342,-0.237686,0
1026,17.1,0.031767,0.0276,15.0,0.004167,-0.97237,-0.233445,0
1027,17.1167,0.0238,0.0239,14.9999,-0.0001,-0.973379,-0.2292,0
1028,17.1333,0.0299,0.0261,15.0,0.0038,-0.97437,-0.224951,0
1029,17.15,0.0268,0.0262,15.0,0.0006,-0.975342,-0.220697,0
1030,17.1667,0.0248,0.0246,15.0,0.0002,-0.976296,-0.21644,0
1031,17.1833,0.026683,0.0274,14.9993,-0.000717,-0.977231,-0.212178,0
1032,17.2,0.024033,0.0282,14.9951,-0.004167,-0.978148,-0.207912,0
1033,17.2167,0.020983,0.0225,14.9936,-0.001517,-0.979045,-0.203642,0
1034,17.2333,0.0222,0.0262,14.9896,-0.004,-0.979925,-0.199368,0
1035,17.25,0.027033,0.0254,14.9912,0.001633,-0.980785,-0.19509,0
1036,17.2667,0.019817,0.0236,14.9874,-0.003783,-0.981627,-0.190809,0
1037,17.2833,0.025617,0.0267,14.9863,-0.001083,-0.98245,-0.186524,0
1038,17.3,0.019567,0.0285,14.9774,-0.008933,-0.983255,-0.182236,0
1039,17.3167,0.026883,0.0261,14.9782,0.000783,-0.984041,-0.177944,0
1040,17.3333,0.021067,0.0257,14.9736,-0.004633,-0.984808,-0.173648,0
1041,17.35,0.019383,0.0229,14.9701,-0.003517,-0.985556,-0.16935,0
1042,17.3667,0.021367,0.0292,14.9623,-0.007833,-0.986286,-0.165048,0
1043,17.3833,0.02465,0.0268,14.9602,-0.00215,-0.986996,-0.160743,0
1044,17.4,0.017667,0.0249,14.953,-0.007233,-0.987688,-0.156434,0
1045,17.4167,0.020517,0.0254,14.9481,-0.004883,-0.988362,-0.152123,0
1046,17.4333,0.015483,0.0235,14.9401,-0.008017,-0.989016,-0.147809,0
1047,17.45,0.020117,0.0291,14.9311,-0.008983,-0.989651,-0.143493,0
1048,17.4667,0.015083,0.0234,14.9228,-0.008317,-0.990268,-0.139173,0
1049,17.4833,0.016783,0.0259,14.9137,-0.009117,-0.990866,-0.134851,0
1050,17.5,0.019,0.0281,14.9046,-0.0091,-0.991445,-0.130526,0
1051,17.5167,0.017283,0.0242,14.8977,-0.006917,-0.992005,-0.126199,0
1052,17.5333,0.012,0.028,14.8817,-0.016,-0.992546,-0.121869,0
1053,17.55,0.01465,0.0279,14.8684,-0.01325,-0.993068,-0.117537,0
1054,17.5667,0.011367,0.0278,14.852,-0.016433,-0.993572,-0.113203,0
1055,17.5833,0.017667,0.0267,14.843,-0.009033,-0.994056,-0.108867,0
1056,17.6,0.015883,0.0245,14.8344,-0.008617,-0.994522,-0.104528,0
1057,17.6167,0.016333,0.0279,14.8228,-0.011567,-0.994969,-0.100188,0
1058,17.6333,0.013017,0.0248,14.811,-0.011783,-0.995396,-0.095846,0
1059,17.65,0.012,0.0279,14.7951,-0.0159,-0.995805,-0.091502,0
1060,17.6667,0.007817,0.0266,14.7763,-0.018783,-0.996195,-0.087156,0
1061,17.6833,0.009467,0.0258,14.76,-0.016333,-0.996566,-0.082808,0
1062,17.7,0.007783,0.0278,14.74,-0.020017,-0.996917,-0.078459,0
1063,17.7167,0.005833,0.0248,14.721,-0.018967,-0.99725,-0.074108,0
1064,17.7333,0.01185,0.0267,14.7062,-0.01485,-0.997564,-0.069756,0
1065,17.75,0.0073,0.0249,14.6886,-0.0176,-0.997859,-0.065403,0
1066,17.7667,0.006417,0.0275,14.6675,-0.021083,-0.998135,-0.061049,0
1067,17.7833,0.005717,0.0224,14.6508,-0.016683,-0.998392,-0.056693,0
1068,17.8,0.007967,0.0293,14.6295,-0.021333,-0.99863,-0.052336,0
1069,17.8167,0.00585,0.0249,14.6105,-0.01905,-0.998848,-0.047978,0
1070,17.8333,0.006233,0.031,14.5857,-0.024767,-0.999048,-0.043619,0
1071,17.85,0.004267,0.0264,14.5636,-0.022133,-0.999229,-0.03926,0
1072,17.8667,0.003983,0.0259,14.5417,-0.021917,-0.999391,-0.034899,0
1073,17.8833,0.002367,0.0269,14.5172,-0.024533,-0.999534,-0.030539,0
1074,17.9,0.002533,0.0294,14.4903,-0.026867,-0.999657,-0.026177,0
1075,17.9167,0.006467,0.0271,14.4697,-0.020633,-0.999762,-0.021815,0
1076,17.9333,0.00295,0.0273,14.4453,-0.02435,-0.999848,-0.017452,0
1077,17.95,8.3e-05,0.0238,14.4216,-0.023717,-0.999914,-0.01309,0
1078,17.9667,0.003033,0.0267,14.3979,-0.023667,-0.999962,-0.008727,0
1079,17.9833,0.00065,0.0256,14.3729,-0.02495,-0.99999,-0.004363,0
1080,18.0,0.002767,0.0583,14.3174,-0.055533,-1.0,-0.0,0
1081,18.0167,0.0,0.0622,14.2552,-0.0622,-0.99999,0.004363,0
1082,18.0333,0.0,0.0637,14.1915,-0.0637,-0.999962,0.008727,0
1083,18.05,0.0,0.0612,14.1303,-0.0612,-0.999914,0.01309,0
1084,18.0667,0.0,0.0561,14.0742,-0.0561,-0.999848,0.017452,0
1085,18.0833,0.0,0.0579,14.0163,-0.0579,-0.999762,0.021815,0
1086,18.1,0.0,0.0586,13.9577,-0.0586,-0.999657,0.026177,0
1087,18.1167,0.0,0.0642,13.8935,-0.0642,-0.999534,0.030539,0
1088,18.1333,0.0,0.0568,13.8367,-0.0568,-0.999391,0.034899,0
1089,18.15,0.0,0.0625,13.7742,-0.0625,-0.999229,0.03926,0
1090,18.1667,0.0,0.059,13.7152,-0.059,-0.999048,0.043619,0
1091,18.1833,0.0,0.0574,13.6578,-0.0574,-0.998848,0.047978,0
1092,18.2,0.0,0.0588,13.599,-0.0588,-0.99863,0.052336,0
1093,18.2167,0.0,0.0626,13.5364,-0.0626,-0.998392,0.056693,0
1094,18.2333,0.0,0.059,13.4774,-0.059,-0.998135,0.061049,0
1095,18.25,0.0,0.0582,13.4192,-0.0582,-0.997859,0.065403,0
1096,18.2667,0.0,0.0627,13.3565,-0.0627,-0.997564,0.069756,0
1097,18.2833,0.0,0.0616,13.2949,-0.0616,-0.99725,0.074108,0
1098,18.3,0.0,0.0622,13.2327,-0.0622,-0.996917,0.078459,0
1099,18.3167,0.0,0.0578,13.1749,-0.0578,-0.996566,0.082808,0
1100,18.3333,0.0,0.062,13.1129,-0.062,-0.996195,0.087156,0
1101,18.35,0.0,0.0597,13.0532,-0.0597,-0.995805,0.091502,0
1102,18.3667,0.0,0.0591,12.9941,-0.0591,-0.995396,0.095846,0
1103,18.3833,0.0,0.0568,12.9373,-0.0568,-0.994969,0.100188,0
1104,18.4,0.0,0.0649,12.8724,-0.0649,-0.994522,0.104528,0
1105,18.4167,0.0,0.0593,12.8131,-0.0593,-0.994056,0.108867,0
1106,18.4333,0.0,0.0645,12.7486,-0.0645,-0.993572,0.113203,0
1107,18.45,0.0,0.0626,12.686,-0.0626,-0.993068,0.117537,0
1108,18.4667,0.0,0.0597,12.6263,-0.0597,-0.992546,0.121869,0
1109,18.4833,0.0,0.0606,12.5657,-0.0606,-0.992005,0.126199,0
1110,18.5,0.0,0.0617,12.504,-0.0617,-0.991445,0.130526,0
1111,18.5167,0.0,0.061,12.443,-0.061,-0.990866,0.134851,0
1112,18.5333,0.0,0.0566,12.3864,-0.0566,-0.990268,0.139173,0
1113,18.55,0.0,0.0599,12.3265,-0.0599,-0.989651,0.143493,0
1114,18.5667,0.0,0.0588,12.2677,-0.0588,-0.989016,0.147809,0
1115,18.5833,0.0,0.0602,12.2075,-0.0602,-0.988362,0.152123,0
1116,18.6,0.0,0.0603,12.1472,-0.0603,-0.987688,0.156434,0
1117,18.6167,0.0,0.0582,12.089,-0.0582,-0.986996,0.160743,0
1118,18.6333,0.0,0.0575,12.0315,-0.0575,-0.986286,0.165048,0
1119,18.65,0.0,0.0589,11.9726,-0.0589,-0.985556,0.16935,0
1120,18.6667,0.0,0.059,11.9136,-0.059,-0.984808,0.173648,0
1121,18.6833,0.0,0.0603,11.8533,-0.0603,-0.984041,0.177944,0
1122,18.7,0.0,0.0574,11.7959,-0.0574,-0.983255,0.182236,0
1123,18.7167,0.0,0.0628,11.7331,-0.0628,-0.98245,0.186524,0
1124,18.7333,0.0,0.057,11.6761,-0.057,-0.981627,0.190809,0
1125,18.75,0.0,0.0601,11.616,-0.0601,-0.980785,0.19509,0
1126,18.7667,0.0,0.0614,11.5546,-0.0614,-0.979925,0.199368,0
1127,18.7833,0.0,0.0564,11.4982,-0.0564,-0.979045,0.203642,0
1128,18.8,0.0,0.0643,11.4339,-0.0643,-0.978148,0.207912,0
1129,18.8167,0.0,0.0593,11.3746,-0.0593,-0.977231,0.212178,0
1130,18.8333,0.0,0.0587,11.3159,-0.0587,-0.976296,0.21644,0
1131,18.85,0.0,0.0594,11.2565,-0.0594,-0.975342,0.220697,0
1132,18.8667,0.0,0.0631,11.1934,-0.0631,-0.97437,0.224951,0
1133,18.8833,0.0,0.0587,11.1347,-0.0587,-0.973379,0.2292,0
1134,18.9,0.0,0.0626,11.0721,-0.0626,-0.97237,0.233445,0
1135,18.9167,0.0,0.0607,11.0114,-0.0607,-0.971342,0.237686,0
1136,18.9333,0.0,0.0604,10.951,-0.0604,-0.970296,0.241922,0
1137,18.95,0.0,0.0606,10.8904,-0.0606,-0.969231,0.246153,0
1138,18.9667,0.0,0.0621,10.8283,-0.0621,-0.968148,0.25038,0
1139,18.9833,0.0,0.0592,10.7691,-0.0592,-0.967046,0.254602,0
1140,19.0,0.0,0.0604,10.7087,-0.0604,-0.965926,0.258819,0
1141,19.0167,0.0,0.0608,10.6479,-0.0608,-0.964787,0.263031,0
1142,19.0333,0.0,0.0592,10.5887,-0.0592,-0.96363,0.267238,0
1143,19.05,0.0,0.0595,10.5292,-0.0595,-0.962455,0.27144,0
1144,19.0667,0.0,0.0627,10.4665,-0.0627,-0.961262,0.275637,0
1145,19.0833,0.0,0.0605,10.406,-0.0605,-0.96005,0.279829,0
1146,19.1,0.0,0.0593,10.3467,-0.0593,-0.95882,0.284015,0
1147,19.1167,0.0,0.0577,10.289,-0.0577,-0.957571,0.288196,0
1148,19.1333,0.0,0.0577,10.2313,-0.0577,-0.956305,0.292372,0
1149,19.15,0.0,0.059,10.1723,-0.059,-0.95502,0.296542,0
1150,19.1667,0.0,0.0598,10.1125,-0.0598,-0.953717,0.300706,0
1151,19.1833,0.0,0.0586,10.0539,-0.0586,-0.952396,0.304864,0
1152,19.2,0.0,0.0589,9.995,-0.0589,-0.951057,0.309017,0
1153,19.2167,0.0,0.0611,9.9339,-0.0611,-0.949699,0.313164,0
1154,19.2333,0.0,0.0598,9.8741,-0.0598,-0.948324,0.317305,0
1155,19.25,0.0,0.0584,9.8157,-0.0584,-0.94693,0.321439,0
1156,19.2667,0.0,0.0615,9.7542,-0.0615,-0.945519,0.325568,0
1157,19.2833,0.0,0.0596,9.6946,-0.0596,-0.944089,0.329691,0
1158,19.3,0.0,0.0595,9.6351,-0.0595,-0.942641,0.333807,0
1159,19.3167,0.0,0.0578,9.5773,-0.0578,-0.941176,0.337917,0
1160,19.3333,0.0,0.0637,9.5136,-0.0637,-0.939693,0.34202,0
1161,19.35,0.0,0.0611,9.4525,-0.0611,-0.938191,0.346117,0
1162,19.3667,0.0,0.0609,9.3916,-0.0609,-0.936672,0.350207,0
1163,19.3833,0.0,0.0633,9.3283,-0.0633,-0.935135,0.354291,0
1164,19.4,0.0,0.0657,9.2626,-0.0657,-0.93358,0.358368,0
1165,19.4167,0.0,0.0609,9.2017,-0.0609,-0.932008,0.362438,0
1166,19.4333,0.0,0.0621,9.1396,-0.0621,-0.930418,0.366501,0
1167,19.45,0.0,0.0614,9.0782,-0.0614,-0.92881,0.370557,0
1168,19.4667,0.0,0.0605,9.0177,-0.0605,-0.927184,0.374607,0
1169,19.4833,0.0,0.0565,8.9612,-0.0565,-0.925541,0.378649,0
1170,19.5,0.0,0.0626,8.8986,-0.0626,-0.92388,0.382683,0
1171,19.5167,0.0,0.0608,8.8378,-0.0608,-0.922201,0.386711,0
1172,19.5333,0.0,0.0606,8.7772,-0.0606,-0.920505,0.390731,0
1173,19.55,0.0,0.0594,8.7178,-0.0594,-0.918791,0.394744,0
1174,19.5667,0.0,0.0563,8.6615,-0.0563,-0.91706,0.398749,0
1175,19.5833,0.0,0.0598,8.6017,-0.0598,-0.915311,0.402747,0
1176,19.6,0.0,0.0594,8.5423,-0.0594,-0.913545,0.406737,0
1177,19.6167,0.0,0.0619,8.4804,-0.0619,-0.911762,0.410719,0
1178,19.6333,0.0,0.0607,8.4197,-0.0607,-0.909961,0.414693,0
1179,19.65,0.0,0.0621,8.3576,-0.0621,-0.908143,0.41866,0
1180,19.6667,0.0,0.0593,8.2983,-0.0593,-0.906308,0.422618,0
1181,19.6833,0.0,0.0585,8.2398,-0.0585,-0.904455,0.426569,0
1182,19.7,0.0,0.0603,8.1795,-0.0603,-0.902585,0.430511,0
1183,19.7167,0.0,0.0624,8.1171,-0.0624,-0.900698,0.434445,0
1184,19.7333,0.0,0.059,8.0581,-0.059,-0.898794,0.438371,0
1185,19.75,0.0,0.0606,7.9975,-0.0606,-0.896873,0.442289,0
1186,19.7667,0.0,0.0584,7.9391,-0.0584,-0.894934,0.446198,0
1187,19.7833,0.0,0.0611,7.878,-0.0611,-0.892979,0.450098,0
1188,19.8,0.0,0.0605,7.8175,-0.0605,-0.891007,0.45399,0
1189,19.8167,0.0,0.0556,7.7619,-0.0556,-0.889017,0.457874,0
1190,19.8333,0.0,0.0583,7.7036,-0.0583,-0.887011,0.461749,0
1191,19.85,0.0,0.0612,7.6424,-0.0612,-0.884988,0.465615,0
1192,19.8667,0.0,0.0609,7.5815,-0.0609,-0.882948,0.469472,0
1193,19.8833,0.0,0.0632,7.5183,-0.0632,-0.880891,0.47332,0
1194,19.9,0.0,0.0601,7.4582,-0.0601,-0.878817,0.477159,0
1195,19.9167,0.0,0.0616,7.3966,-0.0616,-0.876727,0.480989,0
1196,19.9333,0.0,0.061,7.3356,-0.061,-0.87462,0.48481,0
1197,19.95,0.0,0.059,7.2766,-0.059,-0.872496,0.488621,0
1198,19.9667,0.0,0.0616,7.215,-0.0616,-0.870356,0.492424,0
1199,19.9833,0.0,0.0603,7.1547,-0.0603,-0.868199,0.496217,0
1200,20.0,0.0,0.0571,7.0976,-0.0571,-0.866025,0.5,0
1201,20.0167,0.0,0.0606,7.037,-0.0606,-0.863836,0.503774,0
1202,20.0333,0.0,0.0628,6.9742,-0.0628,-0.861629,0.507538,0
1203,20.05,0.0,0.0586,6.9156,-0.0586,-0.859406,0.511293,0
1204,20.0667,0.0,0.0573,6.8583,-0.0573,-0.857167,0.515038,0
1205,20.0833,0.0,0.0621,6.7962,-0.0621,-0.854912,0.518773,0
1206,20.1,0.0,0.0603,6.7359,-0.0603,-0.85264,0.522499,0
1207,20.1167,0.0,0.0612,6.6747,-0.0612,-0.850352,0.526214,0
1208,20.1333,0.0,0.0597,6.615,-0.0597,-0.848048,0.529919,0
1209,20.15,0.0,0.0622,6.5528,-0.0622,-0.845728,0.533615,0
1210,20.1667,0.0,0.0593,6.4935,-0.0593,-0.843391,0.5373,0
1211,20.1833,0.0,0.0631,6.4304,-0.0631,-0.841039,0.540974,0
1212,20.2,0.0,0.0592,6.3712,-0.0592,-0.838671,0.544639,0
1213,20.2167,0.0,0.0597,6.3115,-0.0597,-0.836286,0.548293,0
1214,20.2333,0.0,0.0593,6.2522,-0.0593,-0.833886,0.551937,0
1215,20.25,0.0,0.0634,6.1888,-0.0634,-0.83147,0.55557,0
1216,20.2667,0.0,0.0623,6.1265,-0.0623,-0.829038,0.559193,0
1217,20.2833,0.0,0.058,6.0685,-0.058,-0.82659,0.562805,0
1218,20.3,0.0,0.0593,6.0092,-0.0593,-0.824126,0.566406,0
1219,20.3167,0.0,0.0558,5.9534,-0.0558,-0.821647,0.569997,0
1220,20.3333,0.0,0.0608,5.8926,-0.0608,-0.819152,0.573576,0
1221,20.35,0.0,0.0639,5.8287,-0.0639,-0.816642,0.577145,0
1222,20.3667,0.0,0.0609,5.7678,-0.0609,-0.814116,0.580703,0
1223,20.3833,0.0,0.0606,5.7072,-0.0606,-0.811574,0.58425,0
1224,20.4,0.0,0.0588,5.6484,-0.0588,-0.809017,0.587785,0
1225,20.4167,0.0,0.0578,5.5906,-0.0578,-0.806445,0.59131,0
1226,20.4333,0.0,0.0651,5.5255,-0.0651,-0.803857,0.594823,0
1227,20.45,0.0,0.0591,5.4664,-0.0591,-0.801254,0.598325,0
1228,20.4667,0.0,0.0587,5.4077,-0.0587,-0.798636,0.601815,0
1229,20.4833,0.0,0.059,5.3487,-0.059,-0.796002,0.605294,0
1230,20.5,0.0,0.0609,5.2878,-0.0609,-0.793353,0.608761,0
1231,20.5167,0.0,0.0556,5.2322,-0.0556,-0.79069,0.612217,0
1232,20.5333,0.0,0.0613,5.1709,-0.0613,-0.788011,0.615661,0
1233,20.55,0.0,0.0627,5.1082,-0.0627,-0.785317,0.619094,0
1234,20.5667,0.0,0.0607,5.0475,-0.0607,-0.782608,0.622515,0
1235,20.5833,0.0,0.0565,4.991,-0.0565,-0.779884,0.625923,0
1236,20.6,0.0,0.0583,4.9327,-0.0583,-0.777146,0.62932,0
1237,20.6167,0.0,0.0632,4.8695,-0.0632,-0.774393,0.632705,0
1238,20.6333,0.0,0.0612,4.8083,-0.0612,-0.771625,0.636078,0
1239,20.65,0.0,0.0599,4.7484,-0.0599,-0.768842,0.639439,0
1240,20.6667,0.0,0.065,4.6834,-0.065,-0.766044,0.642788,0
1241,20.6833,0.0,0.061,4.6224,-0.061,-0.763232,0.646124,0
1242,20.7,0.0,0.0614,4.561,-0.0614,-0.760406,0.649448,0
1243,20.7167,0.0,0.0627,4.4983,-0.0627,-0.757565,0.65276,0
1244,20.7333,0.0,0.0578,4.4405,-0.0578,-0.75471,0.656059,0
1245,20.75,0.0,0.0588,4.3817,-0.0588,-0.75184,0.659346,0
1246,20.7667,0.0,0.0594,4.3223,-0.0594,-0.748956,0.66262,0
1247,20.7833,0.0,0.0618,4.2605,-0.0618,-0.746057,0.665882,0
1248,20.8,0.0,0.0592,4.2013,-0.0592,-0.743145,0.669131,0
1249,20.8167,0.0,0.0618,4.1395,-0.0618,-0.740218,0.672367,0
1250,20.8333,0.0,0.0604,4.0791,-0.0604,-0.737277,0.67559,0
1251,20.85,0.0,0.063,4.0161,-0.063,-0.734323,0.678801,0
1252,20.8667,0.0,0.0585,3.9576,-0.0585,-0.731354,0.681998,0
1253,20.8833,0.0,0.0578,3.8998,-0.0578,-0.728371,0.685183,0
1254,20.9,0.0,0.0588,3.841,-0.0588,-0.725374,0.688355,0
1255,20.9167,0.0,0.0601,3.7809,-0.0601,-0.722364,0.691513,0
1256,20.9333,0.0,0.0586,3.7223,-0.0586,-0.71934,0.694658,0
1257,20.95,0.0,0.0597,3.6626,-0.0597,-0.716302,0.69779,0
1258,20.9667,0.0,0.0633,3.5993,-0.0633,-0.71325,0.700909,0
1259,20.9833,0.0,0.0572,3.5421,-0.0572,-0.710185,0.704015,0
1260,21.0,0.0,0.0593,3.4828,-0.0593,-0.707107,0.707107,0
1261,21.0167,0.0,0.0616,3.4212,-0.0616,-0.704015,0.710185,0
1262,21.0333,0.0,0.0615,3.3597,-0.0615,-0.700909,0.71325,0
1263,21.05,0.0,0.0605,3.2992,-0.0605,-0.69779,0.716302,0
1264,21.0667,0.0,0.0584,3.2408,-0.0584,-0.694658,0.71934,0
1265,21.0833,0.0,0.0628,3.178,-0.0628,-0.691513,0.722364,0
1266,21.1,0.0,0.0587,3.1193,-0.0587,-0.688355,0.725374,0
1267,21.1167,0.0,0.06,3.0593,-0.06,-0.685183,0.728371,0
1268,21.1333,0.0,0.0615,2.9978,-0.0615,-0.681998,0.731354,0
1269,21.15,0.0,0.0599,2.9379,-0.0599,-0.678801,0.734323,0
1270,21.1667,0.0,0.0569,2.881,-0.0569,-0.67559,0.737277,0
1271,21.1833,0.0,0.0573,2.8237,-0.0573,-0.672367,0.740218,0
1272,21.2,0.0,0.0555,2.7682,-0.0555,-0.669131,0.743145,0
1273,21.2167,0.0,0.0569,2.7113,-0.0569,-0.665882,0.746057,0
1274,21.2333,0.0,0.0604,2.6509,-0.0604,-0.66262,0.748956,0
1275,21.25,0.0,0.0593,2.5916,-0.0593,-0.659346,0.75184,0
1276,21.2667,0.0,0.0593,2.5323,-0.0593,-0.656059,0.75471,0
1277,21.2833,0.0,0.0594,2.4729,-0.0594,-0.65276,0.757565,0
1278,21.3,0.0,0.0574,2.4155,-0.0574,-0.649448,0.760406,0
1279,21.3167,0.0,0.0634,2.3521,-0.0634,-0.646124,0.763232,0
1280,21.3333,0.0,0.0628,2.2893,-0.0628,-0.642788,0.766044,0
1281,21.35,0.0,0.0583,2.231,-0.0583,-0.639439,0.768842,0
1282,21.3667,0.0,0.0613,2.1697,-0.0613,-0.636078,0.771625,0
1283,21.3833,0.0,0.0589,2.1108,-0.0589,-0.632705,0.774393,0
1284,21.4,0.0,0.0569,2.0539,-0.0569,-0.62932,0.777146,0
1285,21.4167,0.0,0.0613,1.9926,-0.0613,-0.625923,0.779884,0
1286,21.4333,0.0,0.0584,1.9342,-0.0584,-0.622515,0.782608,0
1287,21.45,0.0,0.0613,1.8729,-0.0613,-0.619094,0.785317,0
1288,21.4667,0.0,0.0596,1.8133,-0.0596,-0.615661,0.788011,0
1289,21.4833,0.0,0.0602,1.7531,-0.0602,-0.612217,0.79069,0
1290,21.5,0.0,0.061,1.6921,-0.061,-0.608761,0.793353,0
1291,21.5167,0.0,0.0552,1.6369,-0.0552,-0.605294,0.796002,0
1292,21.5333,0.0,0.0595,1.5774,-0.0595,-0.601815,0.798636,0
1293,21.55,0.0,0.0585,1.5189,-0.0585,-0.598325,0.801254,0
1294,21.5667,0.0,0.059,1.4599,-0.059,-0.594823,0.803857,0
1295,21.5833,0.0,0.0577,1.4022,-0.0577,-0.59131,0.806445,0
1296,21.6,0.0,0.0615,1.3407,-0.0615,-0.587785,0.809017,0
1297,21.6167,0.0,0.0593,1.2814,-0.0593,-0.58425,0.811574,0
1298,21.6333,0.0,0.0625,1.2189,-0.0625,-0.580703,0.814116,0
1299,21.65,0.0,0.0592,1.1597,-0.0592,-0.577145,0.816642,0
1300,21.6667,0.0,0.0582,1.1015,-0.0582,-0.573576,0.819152,0
1301,21.6833,0.0,0.0594,1.0421,-0.0594,-0.569997,0.821647,0
1302,21.7,0.0,0.0615,0.9806,-0.0615,-0.566406,0.824126,0
1303,21.7167,0.0,0.0578,0.9228,-0.0578,-0.562805,0.82659,0
1304,21.7333,0.0,0.0587,0.8641,-0.0587,-0.559193,0.829038,0
1305,21.75,0.0,0.0616,0.8025,-0.0616,-0.55557,0.83147,0
1306,21.7667,0.0,0.0589,0.7436,-0.0589,-0.551937,0.833886,0
1307,21.7833,0.0,0.0604,0.6832,-0.0604,-0.548293,0.836286,0
1308,21.8,0.0,0.0576,0.6256,-0.0576,-0.544639,0.838671,0
1309,21.8167,0.0,0.0637,0.5619,-0.0637,-0.540974,0.841039,0
1310,21.8333,0.0,0.0622,0.4997,-0.0622,-0.5373,0.843391,0
1311,21.85,0.0,0.0591,0.4406,-0.0591,-0.533615,0.845728,0
1312,21.8667,0.0,0.0593,0.3813,-0.0593,-0.529919,0.848048,0
1313,21.8833,0.0,0.0635,0.3178,-0.0635,-0.526214,0.850352,0
1314,21.9,0.0,0.0584,0.2594,-0.0584,-0.522499,0.85264,0
1315,21.9167,0.0,0.0589,0.2005,-0.0589,-0.518773,0.854912,0
1316,21.9333,0.0,0.0598,0.1407,-0.0598,-0.515038,0.857167,0
1317,21.95,0.0,0.0559,0.0848,-0.0559,-0.511293,0.859406,0
1318,21.9667,0.0,0.0624,0.0224,-0.0624,-0.507538,0.861629,0
1319,21.9833,0.0,0.0592,0.0,-0.0592,-0.503774,0.863836,1
1320,22.0,0.0,0.0163,0.0,-0.0163,-0.5,0.866025,1
1321,22.0167,0.0,0.0172,0.0,-0.0172,-0.496217,0.868199,1
1322,22.0333,0.0,0.0142,0.0,-0.0142,-0.492424,0.870356,1
1323,22.05,0.0,0.0161,0.0,-0.0161,-0.488621,0.872496,1
1324,22.0667,0.0,0.013,0.0,-0.013,-0.48481,0.87462,1
1325,22.0833,0.0,0.0154,0.0,-0.0154,-0.480989,0.876727,1
1326,22.1,0.0,0.0149,0.0,-0.0149,-0.477159,0.878817,1
1327,22.1167,0.0,0.015,0.0,-0.015,-0.47332,0.880891,1
1328,22.1333,0.0,0.0143,0.0,-0.0143,-0.469472,0.882948,1
1329,22.15,0.0,0.0148,0.0,-0.0148,-0.465615,0.884988,1
1330,22.1667,0.0,0.0156,0.0,-0.0156,-0.461749,0.887011,1
1331,22.1833,0.0,0.0147,0.0,-0.0147,-0.457874,0.889017,1
1332,22.2,0.0,0.0154,0.0,-0.0154,-0.45399,0.891007,1
1333,22.2167,0.0,0.0143,0.0,-0.0143,-0.450098,0.892979,1
1334,22.2333,0.0,0.012,0.0,-0.012,-0.446198,0.894934,1
1335,22.25,0.0,0.0154,0.0,-0.0154,-0.442289,0.896873,1
1336,22.2667,0.0,0.0122,0.0,-0.0122,-0.438371,0.898794,1
1337,22.2833,0.0,0.0113,0.0,-0.0113,-0.434445,0.900698,1
1338,22.3,0.0,0.0156,0.0,-0.0156,-0.430511,0.902585,1
1339,22.3167,0.0,0.016,0.0,-0.016,-0.426569,0.904455,1
1340,22.3333,0.0,0.0163,0.0,-0.0163,-0.422618,0.906308,1
1341,22.35,0.0,0.0134,0.0,-0.0134,-0.41866,0.908143,1
1342,22.3667,0.0,0.0167,0.0,-0.0167,-0.414693,0.909961,1
1343,22.3833,0.0,0.0151,0.0,-0.0151,-0.410719,0.911762,1
1344,22.4,0.0,0.0139,0.0,-0.0139,-0.406737,0.913545,1
1345,22.4167,0.0,0.0145,0.0,-0.0145,-0.402747,0.915311,1
1346,22.4333,0.0,0.011,0.0,-0.011,-0.398749,0.91706,1
1347,22.45,0.0,0.0137,0.0,-0.0137,-0.394744,0.918791,1
1348,22.4667,0.0,0.0154,0.0,-0.0154,-0.390731,0.920505,1
1349,22.4833,0.0,0.0127,0.0,-0.0127,-0.386711,0.922201,1
1350,22.5,0.0,0.0155,0.0,-0.0155,-0.382683,0.92388,1
1351,22.5167,0.0,0.0154,0.0,-0.0154,-0.378649,0.925541,1
1352,22.5333,0.0,0.014,0.0,-0.014,-0.374607,0.927184,1
1353,22.55,0.0,0.016,0.0,-0.016,-0.370557,0.92881,1
1354,22.5667,0.0,0.0126,0.0,-0.0126,-0.366501,0.930418,1
1355,22.5833,0.0,0.016,0.0,-0.016,-0.362438,0.932008,1
1356,22.6,0.0,0.0162,0.0,-0.0162,-0.358368,0.93358,1
1357,22.6167,0.0,0.0135,0.0,-0.0135,-0.354291,0.935135,1
1358,22.6333,0.0,0.0099,0.0,-0.0099,-0.350207,0.936672,1
1359,22.65,0.0,0.011,0.0,-0.011,-0.346117,0.938191,1
1360,22.6667,0.0,0.0119,0.0,-0.0119,-0.34202,0.939693,1
1361,22.6833,0.0,0.017,0.0,-0.017,-0.337917,0.941176,1
1362,22.7,0.0,0.0144,0.0,-0.0144,-0.333807,0.942641,1
1363,22.7167,0.0,0.0129,0.0,-0.0129,-0.329691,0.944089,1
1364,22.7333,0.0,0.0135,0.0,-0.0135,-0.325568,0.945519,1
1365,22.75,0.0,0.0117,0.0,-0.0117,-0.321439,0.94693,1
1366,22.7667,0.0,0.0122,0.0,-0.0122,-0.317305,0.948324,1
1367,22.7833,0.0,0.0145,0.0,-0.0145,-0.313164,0.949699,1
1368,22.8,0.0,0.0119,0.0,-0.0119,-0.309017,0.951057,1
1369,22.8167,0.0,0.0201,0.0,-0.0201,-0.304864,0.952396,1
1370,22.8333,0.0,0.0151,0.0,-0.0151,-0.300706,0.953717,1
1371,22.85,0.0,0.0165,0.0,-0.0165,-0.296542,0.95502,1
1372,22.8667,0.0,0.012,0.0,-0.012,-0.292372,0.956305,1
1373,22.8833,0.0,0.0169,0.0,-0.0169,-0.288196,0.957571,1
1374,22.9,0.0,0.0152,0.0,-0.0152,-0.284015,0.95882,1
1375,22.9167,0.0,0.0109,0.0,-0.0109,-0.279829,0.96005,1
1376,22.9333,0.0,0.0178,0.0,-0.0178,-0.275637,0.961262,1
1377,22.95,0.0,0.0154,0.0,-0.0154,-0.27144,0.962455,1
1378,22.9667,0.0,0.0111,0.0,-0.0111,-0.267238,0.96363,1
1379,22.9833,0.0,0.0171,0.0,-0.0171,-0.263031,0.964787,1
1380,23.0,0.0,0.0149,0.0,-0.0149,-0.258819,0.965926,1
1381,23.0167,0.0,0.013,0.0,-0.013,-0.254602,0.967046,1
1382,23.0333,0.0,0.013,0.0,-0.013,-0.25038,0.968148,1
1383,23.05,0.0,0.0149,0.0,-0.0149,-0.246153,0.969231,1
1384,23.0667,0.0,0.0122,0.0,-0.0122,-0.241922,0.970296,1
1385,23.0833,0.0,0.0156,0.0,-0.0156,-0.237686,0.971342,1
1386,23.1,0.0,0.0145,0.0,-0.0145,-0.233445,0.97237,1
1387,23.1167,0.0,0.0137,0.0,-0.0137,-0.2292,0.973379,1
1388,23.1333,0.0,0.014,0.0,-0.014,-0.224951,0.97437,1
1389,23.15,0.0,0.0135,0.0,-0.0135,-0.220697,0.975342,1
1390,23.1667,0.0,0.0148,0.0,-0.0148,-0.21644,0.976296,1
1391,23.1833,0.0,0.0147,0.0,-0.0147,-0.212178,0.977231,1
1392,23.2,0.0,0.0149,0.0,-0.0149,-0.207912,0.978148,1
1393,23.2167,0.0,0.0169,0.0,-0.0169,-0.203642,0.979045,1
1394,23.2333,0.0,0.0137,0.0,-0.0137,-0.199368,0.979925,1
1395,23.25,0.0,0.0141,0.0,-0.0141,-0.19509,0.980785,1
1396,23.2667,0.0,0.0144,0.0,-0.0144,-0.190809,0.981627,1
1397,23.2833,0.0,0.0198,0.0,-0.0198,-0.186524,0.98245,1
1398,23.3,0.0,0.0162,0.0,-0.0162,-0.182236,0.983255,1
1399,23.3167,0.0,0.0155,0.0,-0.0155,-0.177944,0.984041,1
1400,23.3333,0.0,0.0169,0.0,-0.0169,-0.173648,0.984808,1
1401,23.35,0.0,0.0132,0.0,-0.0132,-0.16935,0.985556,1
1402,23.3667,0.0,0.0131,0.0,-0.0131,-0.165048,0.986286,1
1403,23.3833,0.0,0.0149,0.0,-0.0149,-0.160743,0.986996,1
1404,23.4,0.0,0.0117,0.0,-0.0117,-0.156434,0.987688,1
1405,23.4167,0.0,0.0202,0.0,-0.0202,-0.152123,0.988362,1
1406,23.4333,0.0,0.0139,0.0,-0.0139,-0.147809,0.989016,1
1407,23.45,0.0,0.0129,0.0,-0.0129,-0.143493,0.989651,1
1408,23.4667,0.0,0.0144,0.0,-0.0144,-0.139173,0.990268,1
1409,23.4833,0.0,0.0134,0.0,-0.0134,-0.134851,0.990866,1
1410,23.5,0.0,0.0141,0.0,-0.0141,-0.130526,0.991445,1
1411,23.5167,0.0,0.02,0.0,-0.02,-0.126199,0.992005,1
1412,23.5333,0.0,0.0132,0.0,-0.0132,-0.121869,0.992546,1
1413,23.55,0.0,0.0143,0.0,-0.0143,-0.117537,0.993068,1
1414,23.5667,0.0,0.0147,0.0,-0.0147,-0.113203,0.993572,1
1415,23.5833,0.0,0.0115,0.0,-0.0115,-0.108867,0.994056,1
1416,23.6,0.0,0.0114,0.0,-0.0114,-0.104528,0.994522,1
1417,23.6167,0.0,0.0179,0.0,-0.0179,-0.100188,0.994969,1
1418,23.6333,0.0,0.0154,0.0,-0.0154,-0.095846,0.995396,1
1419,23.65,0.0,0.0155,0.0,-0.0155,-0.091502,0.995805,1
1420,23.6667,0.0,0.0156,0.0,-0.0156,-0.087156,0.996195,1
1421,23.6833,0.0,0.0168,0.0,-0.0168,-0.082808,0.996566,1
1422,23.7,0.0,0.0149,0.0,-0.0149,-0.078459,0.996917,1
1423,23.7167,0.0,0.0181,0.0,-0.0181,-0.074108,0.99725,1
1424,23.7333,0.0,0.0114,0.0,-0.0114,-0.069756,0.997564,1
1425,23.75,0.0,0.0148,0.0,-0.0148,-0.065403,0.997859,1
1426,23.7667,0.0,0.0168,0.0,-0.0168,-0.061049,0.998135,1
1427,23.7833,0.0,0.0141,0.0,-0.0141,-0.056693,0.998392,1
1428,23.8,0.0,0.0142,0.0,-0.0142,-0.052336,0.99863,1
1429,23.8167,0.0,0.0156,0.0,-0.0156,-0.047978,0.998848,1
1430,23.8333,0.0,0.012,0.0,-0.012,-0.043619,0.999048,1
1431,23.85,0.0,0.0185,0.0,-0.0185,-0.03926,0.999229,1
1432,23.8667,0.0,0.0151,0.0,-0.0151,-0.034899,0.999391,1
1433,23.8833,0.0,0.0144,0.0,-0.0144,-0.030539,0.999534,1
1434,23.9,0.0,0.014,0.0,-0.014,-0.026177,0.999657,1
1435,23.9167,0.0,0.0119,0.0,-0.0119,-0.021815,0.999762,1
1436,23.9333,0.0,0.014,0.0,-0.014,-0.017452,0.999848,1
1437,23.95,0.0,0.0171,0.0,-0.0171,-0.01309,0.999914,1
1438,23.9667,0.0,0.0168,0.0,-0.0168,-0.008727,0.999962,1
1439,23.9833,0.0,0.0148,0.0,-0.0148,-0.004363,0.99999,1
1440,0.0,0.0,0.0132,0.0,-0.0132,0.0,1.0,1
1441,0.0167,0.0,0.0152,0.0,-0.0152,0.004363,0.99999,1
1442,0.0333,0.0,0.0104,0.0,-0.0104,0.008727,0.999962,1
1443,0.05,0.0,0.0148,0.0,-0.0148,0.01309,0.999914,1
1444,0.0667,0.0,0.0128,0.0,-0.0128,0.017452,0.999848,1
1445,0.0833,0.0,0.0177,0.0,-0.0177,0.021815,0.999762,1
1446,0.1,0.0,0.0177,0.0,-0.0177,0.026177,0.999657,1
1447,0.1167,0.0,0.0153,0.0,-0.0153,0.030539,0.999534,1
1448,0.1333,0.0,0.0149,0.0,-0.0149,0.034899,0.999391,1
1449,0.15,0.0,0.0132,0.0,-0.0132,0.03926,0.999229,1
1450,0.1667,0.0,0.0103,0.0,-0.0103,0.043619,0.999048,1
1451,0.1833,0.0,0.0148,0.0,-0.0148,0.047978,0.998848,1
1452,0.2,0.0,0.015,0.0,-0.015,0.052336,0.99863,1
1453,0.2167,0.0,0.0125,0.0,-0.0125,0.056693,0.998392,1
1454,0.2333,0.0,0.0169,0.0,-0.0169,0.061049,0.998135,1
1455,0.25,0.0,0.0136,0.0,-0.0136,0.065403,0.997859,1
1456,0.2667,0.0,0.0161,0.0,-0.0161,0.069756,0.997564,1
1457,0.2833,0.0,0.0133,0.0,-0.0133,0.074108,0.99725,1
1458,0.3,0.0,0.0159,0.0,-0.0159,0.078459,0.996917,1
1459,0.3167,0.0,0.0161,0.0,-0.0161,0.082808,0.996566,1
1460,0.3333,0.0,0.0144,0.0,-0.0144,0.087156,0.996195,1
1461,0.35,0.0,0.0138,0.0,-0.0138,0.091502,0.995805,1
1462,0.3667,0.0,0.0124,0.0,-0.0124,0.095846,0.995396,1
1463,0.3833,0.0,0.0171,0.0,-0.0171,0.100188,0.994969,1
1464,0.4,0.0,0.018,0.0,-0.018,0.104528,0.994522,1
1465,0.4167,0.0,0.0141,0.0,-0.0141,0.108867,0.994056,1
1466,0.4333,0.0,0.0179,0.0,-0.0179,0.113203,0.993572,1
1467,0.45,0.0,0.0166,0.0,-0.0166,0.117537,0.993068,1
1468,0.4667,0.0,0.0176,0.0,-0.0176,0.121869,0.992546,1
1469,0.4833,0.0,0.0138,0.0,-0.0138,0.126199,0.992005,1
1470,0.5,0.0,0.0095,0.0,-0.0095,0.130526,0.991445,1
1471,0.5167,0.0,0.0145,0.0,-0.0145,0.134851,0.990866,1
1472,0.5333,0.0,0.0141,0.0,-0.0141,0.139173,0.990268,1
1473,0.55,0.0,0.0149,0.0,-0.0149,0.143493,0.989651,1
1474,0.5667,0.0,0.0157,0.0,-0.0157,0.147809,0.989016,1
1475,0.5833,0.0,0.0177,0.0,-0.0177,0.152123,0.988362,1
1476,0.6,0.0,0.0198,0.0,-0.0198,0.156434,0.987688,1
1477,0.6167,0.0,0.0117,0.0,-0.0117,0.160743,0.986996,1
1478,0.6333,0.0,0.0164,0.0,-0.0164,0.165048,0.986286,1
1479,0.65,0.0,0.0117,0.0,-0.0117,0.16935,0.985556,1
1480,0.6667,0.0,0.0163,0.0,-0.0163,0.173648,0.984808,1
1481,0.6833,0.0,0.0128,0.0,-0.0128,0.177944,0.984041,1
1482,0.7,0.0,0.0173,0.0,-0.0173,0.182236,0.983255,1
1483,0.7167,0.0,0.014,0.0,-0.014,0.186524,0.98245,1
1484,0.7333,0.0,0.0131,0.0,-0.0131,0.190809,0.981627,1
1485,0.75,0.0,0.0115,0.0,-0.0115,0.19509,0.980785,1
1486,0.7667,0.0,0.0144,0.0,-0.0144,0.199368,0.979925,1
1487,0.7833,0.0,0.0136,0.0,-0.0136,0.203642,0.979045,1
1488,0.8,0.0,0.0132,0.0,-0.0132,0.207912,0.978148,1
1489,0.8167,0.0,0.017,0.0,-0.017,0.212178,0.977231,1
1490,0.8333,0.0,0.0182,0.0,-0.0182,0.21644,0.976296,1
1491,0.85,0.0,0.0147,0.0,-0.0147,0.220697,0.975342,1
1492,0.8667,0.0,0.0152,0.0,-0.0152,0.224951,0.97437,1
1493,0.8833,0.0,0.0152,0.0,-0.0152,0.2292,0.973379,1
1494,0.9,0.0,0.0125,0.0,-0.0125,0.233445,0.97237,1
1495,0.9167,0.0,0.0159,0.0,-0.0159,0.237686,0.971342,1
1496,0.9333,0.0,0.0176,0.0,-0.0176,0.241922,0.970296,1
1497,0.95,0.0,0.0169,0.0,-0.0169,0.246153,0.969231,1
1498,0.9667,0.0,0.011,0.0,-0.011,0.25038,0.968148,1
1499,0.9833,0.0,0.0152,0.0,-0.0152,0.254602,0.967046,1
1500,1.0,0.0,0.0153,0.0,-0.0153,0.258819,0.965926,1
1501,1.0167,0.0,0.0104,0.0,-0.0104,0.263031,0.964787,1
1502,1.0333,0.0,0.0113,0.0,-0.0113,0.267238,0.96363,1
1503,1.05,0.0,0.0147,0.0,-0.0147,0.27144,0.962455,1
1504,1.0667,0.0,0.0145,0.0,-0.0145,0.275637,0.961262,1
1505,1.0833,0.0,0.0192,0.0,-0.0192,0.279829,0.96005,1
1506,1.1,0.0,0.0161,0.0,-0.0161,0.284015,0.95882,1
1507,1.1167,0.0,0.0183,0.0,-0.0183,0.288196,0.957571,1
1508,1.1333,0.0,0.0127,0.0,-0.0127,0.292372,0.956305,1
1509,1.15,0.0,0.0143,0.0,-0.0143,0.296542,0.95502,1
1510,1.1667,0.0,0.0172,0.0,-0.0172,0.300706,0.953717,1
1511,1.1833,0.0,0.0117,0.0,-0.0117,0.304864,0.952396,1
1512,1.2,0.0,0.0152,0.0,-0.0152,0.309017,0.951057,1
1513,1.2167,0.0,0.014,0.0,-0.014,0.313164,0.949699,1
1514,1.2333,0.0,0.0147,0.0,-0.0147,0.317305,0.948324,1
1515,1.25,0.0,0.0105,0.0,-0.0105,0.321439,0.94693,1
1516,1.2667,0.0,0.0117,0.0,-0.0117,0.325568,0.945519,1
1517,1.2833,0.0,0.0136,0.0,-0.0136,0.329691,0.944089,1
1518,1.3,0.0,0.0169,0.0,-0.0169,0.333807,0.942641,1
1519,1.3167,0.0,0.019,0.0,-0.019,0.337917,0.941176,1
1520,1.3333,0.0,0.0135,0.0,-0.0135,0.34202,0.939693,1
1521,1.35,0.0,0.0146,0.0,-0.0146,0.346117,0.938191,1
1522,1.3667,0.0,0.0173,0.0,-0.0173,0.350207,0.936672,1
1523,1.3833,0.0,0.0121,0.0,-0.0121,0.354291,0.935135,1
1524,1.4,0.0,0.0138,0.0,-0.0138,0.358368,0.93358,1
1525,1.4167,0.0,0.0151,0.0,-0.0151,0.362438,0.932008,1
1526,1.4333,0.0,0.0153,0.0,-0.0153,0.366501,0.930418,1
1527,1.45,0.0,0.0149,0.0,-0.0149,0.370557,0.92881,1
1528,1.4667,0.0,0.0132,0.0,-0.0132,0.374607,0.927184,1
1529,1.4833,0.0,0.0111,0.0,-0.0111,0.378649,0.925541,1
1530,1.5,0.0,0.0133,0.0,-0.0133,0.382683,0.92388,1
1531,1.5167,0.0,0.0158,0.0,-0.0158,0.386711,0.922201,1
1532,1.5333,0.0,0.0161,0.0,-0.0161,0.390731,0.920505,1
1533,1.55,0.0,0.0166,0.0,-0.0166,0.394744,0.918791,1
1534,1.5667,0.0,0.0125,0.0,-0.0125,0.398749,0.91706,1
1535,1.5833,0.0,0.0145,0.0,-0.0145,0.402747,0.915311,1
